0.0116678471183031,0.998522973986113,0.00612877809885251,1.00147433413914,0.996094721113416,-0.000213202190888808,1.00149405273585,0.010774738591326,-0.000333824214691682
0.00863872679633984,0.0045404988831985,0.997961059940833,0.0185693446273892,0.0172359381180992,0.0138726808386991,0.0238483477161866,0.00135251823586017,0.0193506303329178
0.997591467733168,0.0134885864891139,1.00821119009302,0.00044138379819451,0.000644174478224656,1.00117045360546,0.990517678640043,0.00963722886531917,0.00627241164408207
0.995651682437288,1.00047919690782,1.00283839088052,1.00577876011704,0.999371253439915,-0.990055169292452,1.00034444980084,0.00316591092508785,1.00340119791019
0.991845300998051,0.998143114227045,1.00054578688427,0.00554822290951178,0.00788381476803687,1.00621902673667,1.00445165278517,0.995331143323496,1.00059233529842
0.0130758849080573,0.00501197513253818,1.00162130492801,0.0123590218229132,0.997232658478876,0.00214372830553299,0.0201320945665455,0.00388083462535726,0.0131890731946597
1.00290128329221,-1.00137479778628,-0.000218560503322287,0.992824834394674,-0.0026869626434725,0.995320781962475,-0.00240659580366713,-1.00464984684562,-0.00473944274493702
1.00879496740484,0.998333151091265,0.998132897717746,0.00264152809645018,0.0036869278631089,0.00755812675842657,0.00651934690605924,0.991431389751686,1.00062149904924
0.00141249542251609,0.997042464508123,1.00083387823267,0.005072702226453,0.000209223489838096,0.0041818657617326,0.999287029699067,0.00689426741569703,0.00484849366500546
1.00658572685796,0.995396910285443,1.00405440732741,0.0028340591269182,0.994326182497832,0.00251501880086138,0.997267680516901,0.00691912766625357,1.0004079138129
0.0124482526135116,0.0135828301670597,0.01185639447615,0.0131368256043697,0.00696781202707595,-0.00161546430395508,0.00493310279867505,1.00246773562281,0.0105311250917517
0.992206463859831,-0.00019992946794023,1.01073524256565,0.00578052379938936,1.00492102703745,0.00932152600459157,0.000925728360983449,0.989017970236515,-0.000117264493504853
0.00611916483425832,0.00724961481835298,0.0220662296451223,0.00387710719338551,0.999964160163525,0.00107230506150102,0.997880890432322,0.0122342209627784,0.00159873939299513
1.00051621958431,0.000387795135336178,0.0152241828495516,0.0156551011381984,0.996358926315658,0.99912015316572,1.00104077013835,0.0188524783310166,0.0151420118627897
0.00635032779781072,-0.00548635866126236,1.00628043014925,0.0188568508440878,0.992323504990042,0.00404107087376212,0.0192803644367469,0.025816943417156,0.0124151985872384
0.996982561745399,1.00445385148667,0.997391658147911,1.00072652867898,0.999038274749652,1.00294232943202,0.998717443501421,1.00086669757089,0.997039824011252
0.98603901764381,-0.00580276670705143,0.0173198337501394,0.0258534426925326,1.01102526038661,0.010777207170249,0.0140829351500838,0.00488757980505648,0.0111481356284482
1.00287773966062,0.0109538397058365,0.995709578191768,0.996731404464242,1.00175616516976,0.00767501631637598,1.0012958014027,0.994127535944428,1.00510998998193
0.993388378173555,-0.00363916835838871,0.995920047420786,0.00575955158691893,-0.00121116417541201,0.0017670705246847,0.997168679425595,1.01104420260842,0.999774555835011
0.00754790194037664,0.992041556156501,0.999079805068566,1.00052793125838,1.00425035649635,-0.00182799237235619,0.00968805420002335,0.00332743668336647,1.00141633730348
1.00051727562915,0.00137077144589254,0.00709206376909721,0.00827089652823503,0.00719257156426265,0.00635412736040887,0.00497197409368162,0.0142097649759,0.00412059406046346
0.0032298087155674,1.00082420120788,-0.000157464073441332,0.00326705013440906,-0.000186207581393014,-0.00129588204481123,0.996555838138833,0.00806843527365686,0.00583034519213467
0.0176327831423831,0.0118461314803629,0.00823993245195388,0.995078263772779,1.00239744424113,-0.00134739391845742,1.00327356380737,0.00871563214220635,0.997072304461161
0.00176637037337156,0.995666670165778,0.999287442434886,0.999515205043601,0.997113796939269,0.993263141751677,1.00384618030439,1.00663627005499,1.00180562536926
0.00420197417421738,0.00294501493025672,0.0124197620245059,0.00939678136397274,0.996597928352622,-0.00297004994384428,1.00132998507682,0.0167679299603971,0.00532343952263857
1.00833734474554,1.00865923726349,1.00392353327816,0.992055154446084,1.00291236321288,0.994198595088909,0.994915224482996,0.998049025205699,0.994870424556644
-0.00371246890067989,-0.00303216601909248,0.98977263436477,0.00753914221255983,1.02044595876514,-0.972408459640461,1.01430204471365,-0.0181723684227965,0.0078690816828691
1.00625230387498,0.992469826255111,0.00785939007448021,0.0129785131330313,0.00189218823064439,0.0107208302061357,0.0121571304649664,0.0136716956285673,0.0121886218764357
0.022956038310756,0.0152771907299819,1.00633110265087,-0.00638865723318811,0.998927749810488,0.000832344814021692,0.991995834747699,0.0209202917441972,0.00814899701072043
1.02803597738538,0.0278875451499429,0.0089405375193564,0.968680701161546,0.0139797161177907,-0.00661697363847478,0.0067213416763819,0.00081362443152014,0.0177108503977629
0.0210623844197098,0.00574163072763539,0.029957467311801,0.0167308340036763,0.996866602210811,0.000706712043200199,0.0257790218197313,0.0304527446851939,0.00989692119891565
0.992621814144229,1.00506004638157,0.000512953207093456,0.0143825768526042,0.00932207739143777,0.00763569371364818,0.00681591388784583,0.00156607328139643,0.0129979205530213
0.999673414940585,0.00941704173005363,0.0138796520064869,0.00694219963199118,0.00180471195656175,1.00019647210164,0.997312616593195,0.0113994614544587,1.00048811282579
1.00062937876546,-0.99600436606301,1.00141403018606,0.999603387938685,0.000349080309506942,0.999234068535986,0.999787546671187,0.00166349843192664,0.00303132339364924
0.0116621291291906,0.00702426324268031,0.0148179428977054,0.0037793289043754,1.00227559875599,0.00184504105588804,0.997876748962742,0.0112306171849081,0.997416080739444
1.00145045704407,0.0114060658929805,0.997490679340859,0.994405936800196,1.00673387598443,1.0009248785403,0.994899544221773,0.998733393078879,1.00386477234977
0.989914866745003,0.993507974059836,0.00117907796998933,0.0113324287776002,1.01314273723917,1.00436816896679,0.0113400175467866,0.996102220818406,0.00943821061758968
0.0080430763015083,0.00243577135415378,0.023645744403412,0.00926129940316543,1.01043830091838,0.00942411587272559,0.990758764051288,0.0161967114560462,-0.00088731294299849
1.00249924626097,-0.990253179569332,1.00306071649882,-0.000314432367640537,1.00239523318959,0.999612073278371,0.999404319118713,0.00705954110926927,1.00033316632327
-0.988542715048812,0.00855858778656183,1.0072416749307,-0.0035297547115274,1.0074863191537,0.995258152349027,0.999081630981246,0.999948823325193,0.00657556271929362
0.999160876914118,0.0170791043796032,0.0152995110355302,0.995409755355826,0.0160948877608731,0.0126224278628774,-0.00107368907052106,-0.0054686068274995,1.00312067920137
0.0050532420226098,0.00768295505494049,1.00733994830812,-0.00516121582532868,0.998947209726593,-0.00717824488264934,0.992051317229222,0.00562298458605177,-0.0001287857396332
0.0153058135004759,0.0112426172405548,1.00464779785259,-0.00849125724158357,1.00019139971724,-0.0100625857931159,0.993960762290746,0.0176967446347147,0.00510455613785246
1.00387866699956,0.0331434876507499,0.0162835549154902,0.99347756875347,0.0207463037495049,0.00354956283354614,0.00520303841719973,0.00212956105390259,0.0136412196210624
-0.0049622268134189,0.00703666628579422,0.00631093663121941,-0.00475997592731613,1.01405526241154,0.0045462745127498,0.992138543885322,-0.0105497095618455,0.990632368325598
1.00331936184668,0.994511819885392,0.00191606517408166,0.0136574569714173,0.00370965131635182,0.00991327936747652,0.012538369096629,0.0048238633392756,0.00989055589934446
0.00499546115707295,0.995030651824553,0.999118260378249,0.00716606746293986,1.00176046288578,0.0083555619403712,1.00401579305006,0.997346383218777,0.00893659521231686
0.0121843605522766,0.0172227251041966,1.00567230676359,0.00193063207208282,0.00678815073785942,1.00634888847256,0.985255792733459,0.0131253387325149,0.0182265978753079
1.00197204224178,0.0035859306750071,1.00057570610114,0.00673172653671375,0.0064130435021662,0.995621731132498,0.00740066696299682,0.00801384463384052,0.0135719271971498
0.00411631919902385,-0.00524709370567018,0.993187840558394,1.00330106044075,1.00286550791232,0.99930390799641,0.0183667636155973,0.00460799235630808,0.00910585183084013
1.02100555841546,0.0106830458099874,0.00353624090828156,-0.0100371278476921,0.00138996067775949,-0.992891925474469,-0.00178603899847237,0.991292844915323,0.991426343389216
0.0127471563430929,0.00811523337951177,1.00400098370219,0.00408024969220766,0.996470819607461,0.006740330873011,0.997447911959821,0.00632063802955675,1.00063016776222
0.0122459936154648,0.0162090576335263,0.0071503572273985,0.000126131910739849,1.0027945784627,0.996080054156552,0.00369280212698661,0.998719638972953,0.00434396243047906
0.00574463169013214,0.00607601770192177,0.997445540054812,1.00223661500496,1.00320224836824,0.00837518154054323,0.995678826460107,0.00383918260084697,0.00590109455106203
0.0103782111167502,0.994044776480169,0.993782630720481,0.00332047486152955,1.00555717358438,0.00634742821174228,1.00714075124794,-0.00319509549849201,0.997188161925287
-0.994079969526029,1.01831343970382,0.998414919417746,-0.00628221735362168,0.00355281195746111,-0.997405039210123,-0.998557460458021,0.992658198859307,0.996994028722416
0.00167032247485619,0.00209719984794493,0.0109839951378673,0.00383550385512017,0.000281869447593521,-0.000335134143449634,0.99848881072312,1.00567622749002,0.993599206600041
-0.00623982787201566,0.00978841530246034,0.0026391211747363,-0.006241042102103,1.02127367564218,0.00656729927071579,0.989954853380863,-0.0162990777730633,0.985792698252455
0.996692396815333,1.00291235535297,0.998150744473227,0.00568072136050133,1.00060469119594,0.00278018873097622,0.998762876321705,0.00412617433506994,0.00853579098704813
0.999549285723511,1.00316337951715,0.00342985459921101,1.00001717123518,0.00419210447928043,1.00063546678402,0.997410934412964,0.997003827258497,0.00792816332933793
0.0263490034198262,0.00253514007334415,0.0162661695062718,0.0195975331034796,0.998001770013831,0.00455103443676488,0.0304873381555822,0.0243024920855956,0.0142110844002248
0.00426562150359433,0.00214688012365662,0.00798443366928791,0.0055220811088665,1.00858655029439,1.0012574201275,0.0120612084689872,0.000856219693997605,0.988209874125197
0.0152636022802146,0.0107241211415823,1.0054908698312,-0.994143331299155,0.997615562315718,0.999724577193336,0.999683322695093,1.00316113997224,0.998170013549349
0.996743877417129,0.00370649958296291,1.0054927481956,-0.987630474410512,0.998261247484853,1.00296334396897,1.00250737448456,0.0022271905567803,1.00387350468473
0.000817821351824137,0.00801922803824459,0.998956148326196,0.0128200318795648,1.00282762294608,1.00714425452085,1.00057704163788,0.988420950805661,0.0120796347673445
1.02149247649199,0.0117785242620353,0.0124366619226728,-0.00716327083227093,0.00250603949916949,0.00587355933767007,0.000603976533147186,0.990782911471205,0.984851153664103
-0.000867354696589904,0.00178451450434154,0.00550013576865944,0.00527318546315781,1.00059858656146,0.00325376651602896,0.996753645702169,0.00815809764838602,0.00418902436303804
0.0142057974510784,0.999262913603028,0.00432046763607365,0.998349109754141,1.00184692117535,0.00644064218146097,0.0111208859048115,0.998278468159103,0.00711993348925575
0.999409873805113,-0.00466091157077277,0.995033678177633,0.0118629425326125,1.00271130258127,0.00763245569459272,0.0123985601391352,0.00841311764395286,0.0139804784887173
0.0154171284705863,0.0160639921766378,0.00540852679165324,-0.00114860397840731,0.0135340665596008,0.0122768455616346,1.00152986123531,0.00954067720041874,0.0158944829394642
-0.00122768577501062,0.965533885944915,-0.00290307429601292,0.0143863760877103,-0.0103142923893659,-0.00925233999334427,0.00415882165286875,1.03093138856538,0.00858976195767405
0.992598134141006,0.995168494736318,0.00656277125713846,1.00550137989309,1.00752011920808,0.00132773945858844,0.996914624379606,0.0125993417777944,0.0114988285227054
0.998224504671161,0.00405021161065513,0.0116977261265151,0.018137947933939,0.0127930392567974,0.020285776812999,0.0140116769765328,0.00819718030706705,0.0097069462427638
0.998324822839967,0.0132866249015512,0.00820059951189155,0.0219096805941115,0.00619750563736865,0.0229336674387447,0.0105626534110658,0.00629305220138416,0.0158563424910563
0.000720029859348558,0.00483580800158449,0.00269475220404726,0.000157157772449631,1.01170026099906,0.00977228262637433,0.997965351717975,0.988238313186439,0.0065881512521535
1.00979846906883,0.00601694459345956,0.00712913297011265,-0.00126735446415379,0.00337258630821686,0.995394615850605,0.00378286410064893,0.00746817161311366,0.992732148113521
1.00296998594953,0.00939753728841047,0.996611804618989,0.995387928153897,0.00628674962502509,0.00144255583569218,0.00127086028231607,0.00569933266681475,1.00264594144322
0.00173390364441306,-0.98343918371926,1.00814757360886,0.00720127756841036,1.00752715925899,0.000691177004625688,0.00813197471930187,0.9985363463637,0.00657809350576195
0.989731213274658,-0.00781520974943394,0.00544439622900333,0.0163420404241797,0.99936310180676,0.00775338426512363,1.01034511165495,0.00296753945886392,0.998076927395246
0.987661881092779,0.992092832679248,0.00403340540499436,0.0180647566613161,1.00927627747461,0.0120957402179222,1.00856754139015,0.00192095069147453,0.00798492929042292
-0.00225051992132975,-0.00303693824439242,0.00715076084600363,0.00990688806415748,1.00824987166337,0.00615990351188586,0.994366707892289,0.995017603826473,-0.000873191199519612
1.01698314809638,0.0147641911844522,0.00615350030152351,0.984670171109504,0.00826880328629727,0.00204558911109515,0.0058753272582211,0.995809572146925,0.000725867419545379
0.993110252667032,0.0104717400487753,1.007743440502,0.011544533236307,1.00123300609495,0.99790238597748,0.00452235481092645,0.997690275565935,0.0101749594917996
0.0106570460264566,0.00436852968461436,1.00146646429732,-0.00382958016695076,0.998827583484096,0.995290386626047,1.0013477568525,1.00006232066302,1.00112822634312
0.0113665717513615,0.999551298073012,0.00830535622982217,1.00028995119187,1.004484717617,-0.992165083753131,1.00446146214849,0.00518017581720054,0.996609540523393
-0.994183680692098,0.00566435400439795,0.00156875843930353,0.993879258629829,1.01297197367621,0.998052513784891,0.00417358120005098,-0.00227524356295665,0.997598204279737
0.988954071613478,0.988806463300747,1.00448999386288,1.00989493709066,1.00507450990167,0.00756345043668987,0.00899298746703319,-0.000844705825010651,0.00875404377325795
0.0180278870234279,0.0168393325230358,1.00518528552075,-0.00670440130698814,0.996359866797358,0.986621602484603,-0.00178421178088611,1.00932327661494,-0.00337104049066331
-0.98280900155763,0.0038775325649724,1.00632802609922,-0.000831216982046373,1.00420797828127,-0.000680895737542564,1.00369405958228,0.0108067065519595,1.00025443596066
0.00291307938441576,0.00910915323698767,1.0105816292026,0.991864611248767,0.00385183972668323,1.00558350169781,0.000514544659360936,0.988891424979277,-0.00332511653949373
0.00332013932960717,0.00842264649226105,1.03895076858603,0.0170055430549391,0.00607723915099663,-0.956895008719456,-0.0060268592221873,-0.0097975282354823,-0.00490765146864977
0.997265255642189,0.00669683075293145,0.0110781852414229,0.00338768310626881,1.00315935235205,0.00158557645516483,0.998882096932285,0.0081790131189893,0.998597911453372
0.0198270084334906,0.0121761588907762,1.00239584425236,0.00355888495240293,1.00307610813412,0.00789618161270731,0.993306799492374,0.0194770081772197,0.0147805255111686
1.00176211552161,0.000356755008245973,0.999234760643675,-0.986148756269448,0.000856171275636552,0.00756044523886229,1.00428826609898,1.00741957196911,0.00775535349914365
0.00863673073646734,1.00422548059841,1.00301443683969,-0.00125090260646414,0.00467393978270747,0.994128303330481,0.998813363365112,0.00375388420616177,0.997703318592956
0.00313496807907872,0.0130235841932657,0.0016647982500321,0.999172444643387,0.00264748530643597,-0.000571862822671306,-0.00269760653911163,0.00566910868384807,-0.00137819947730745
0.98710653737009,-0.0100847662320101,1.00330421099664,0.011964487556579,1.00295425423491,0.0057975129287998,1.00498063776648,0.000675914325208093,0.00283239842434618
-0.981598843936926,0.00994643838129156,0.0139335238741115,0.00433437629453332,0.00780017390147271,0.00558294364059874,1.00198167135019,1.01332637834767,0.00852029125227246
0.996327968006881,-0.00108828177488695,0.00622319248021615,0.011689176800711,0.00562592483930808,0.0106579162210101,1.0010724333212,1.00027092613136,0.00389359077071418
-0.013461357466754,0.0167897697889436,-0.0187434911852647,-0.0168427121768515,-0.00843245628427254,-0.0182247918139484,-0.0166373985385198,-0.0147282768564993,0.00499744680146418
0.00957633997917303,0.0111717470405742,0.00969144376225618,0.000765235622627885,1.00340375287521,0.999207514388473,0.99474728513118,0.999199445647486,1.0007135481977
0.993920007282355,1.00177171853287,1.00485546663295,0.00843849607729918,1.00290018253283,0.0036985631766487,0.00700183454587278,0.00155184100953497,0.994339451246185
-0.00534899498345022,-0.000824450669240511,0.0165470623388884,0.0131833163438829,1.00646021111055,0.00558048940289488,0.993312910270516,0.00732899894623479,0.00393892762102937
0.0068100491385159,0.00963518917497249,1.00024709855733,0.000339333697743532,1.00672816565727,0.01075113495513,0.999846496235539,0.989923905530146,1.00081998025958
0.0132549318526372,0.015114825045707,1.00201308920764,-0.00583257856254768,1.00358995946452,0.991322838600104,0.997876043288593,1.0054913963732,0.996932568245438
1.01100675118471,1.00161404313053,0.998693173053882,0.995039053286467,0.00397908069431364,0.995933104795864,-0.990222616180817,1.00316605328016,1.00137899949002
1.00479741527139,0.991229768767727,1.00069449513651,0.0103737413663528,0.999350218891952,0.00638404595639636,0.00737510726260482,0.00616047838932757,1.00110084782702
0.0026008952692667,1.00220596721405,0.010157582866478,0.00431800097709863,1.00019232621671,0.995988123976982,0.00270026131496299,0.00774335105872965,0.999507061374367
0.9920003092974,0.00135081142761922,1.01237883719893,0.0058101447085815,0.00352518514049324,0.00865216047879315,-0.00107012519778942,0.992326707340934,-0.000894005424628181
0.0157328077461973,1.00082852346389,0.00863635339700327,-0.00507306772329478,0.00432992917440764,0.995024992721049,0.998051953930591,1.0035983153018,0.00544761031682721
0.0102853433637889,0.0307335646685836,0.997459547840018,0.000166341961511579,0.0200035760770102,0.000618793401725574,0.0100340800936882,-0.00171245980340791,0.0186528138512096
-0.00471495243767088,0.998403761232926,-0.00395285803394383,-0.00135988138767364,1.01394932034026,1.00214559188159,0.999071149129307,0.987089640000571,0.995987358220757
0.00734574250544759,0.0133120681533175,0.999342565781602,0.000972435508093859,1.0111526425405,0.00383221498998981,0.995381281818972,0.00483185577617727,0.992373232414741
0.992608245043098,0.993380857485425,1.00058370550197,0.0109065147962401,1.00490869913978,1.00191507227068,1.00376201812116,0.00636594200433715,0.00682934807099794
0.999657142100199,-0.978708609457788,0.00780513541381893,0.00646640424695804,1.01255146941545,0.00893879414574646,1.00667023264005,-0.000189123236300148,0.00279348496278063
0.000221571717649751,-0.010624255086899,0.998722569062452,0.0089506934062694,0.00101298590096988,0.00413260209257239,0.0116559454090374,0.020193005610288,0.00328298286648627
0.00573427362898673,0.00958722263956214,0.0105023241551144,-0.0018233165372169,1.01291671701124,-0.000626967307049088,0.997796260682896,-0.00220642273371,0.986938472677459
0.0122092351644337,0.0017024194601271,0.0138276902806241,0.0232826958765601,0.998017569152638,0.0239754837648172,0.0319403250656483,0.000576345331533479,0.00523739402045775
0.989255681891352,0.00846653850289891,1.00822446545695,0.00588462511985783,1.00479909630063,0.00957976087649302,0.997741399017612,0.00456962333369106,-0.0038497824629489
0.00255660607157762,-0.0014006018425323,0.0165211795455236,1.00784393272269,-0.00459691571840937,0.990732865892519,0.00209481496874531,0.00701723641413261,-0.000145221363435124
0.99574224065078,0.0121528990237827,1.00225297828302,0.00694799929719678,0.00844307217798032,0.010185160819385,0.995935909457309,-0.000322127900525126,1.00439299187592
1.00242506254746,1.00191225186152,0.997356966874194,0.996878047945337,1.00398687648867,0.998446565221375,0.999793558502965,1.0014650851196,-0.994949503948217
1.0007761526967,0.0115421861700227,0.00723563008662962,0.00703379503170746,0.00738459955144421,-0.00165117954122535,-0.000618457006005894,-0.00643995170436241,0.00583612593373493
0.00306637912381106,0.99612235915321,0.00573193092120593,0.0043135235375912,1.00674327690457,0.99715109772796,1.00400866981087,0.993539387820549,0.00531439277679438
0.00250099409421512,0.00254772864718593,1.00621490216659,-0.000114114276251696,-0.000788881777712738,-0.000510468121117109,-0.00181294131260338,0.000839067634639273,-0.00241319796147367
0.0125040539157702,-0.969403996163694,1.02049313252094,0.001408590967457,1.00709427558877,0.0111798087437064,-0.000908130384625688,-0.000101573919220595,0.00301200841228196
1.00319568909996,0.00507231958667058,0.0117220711104942,0.00564762627870317,-0.00181105425554563,0.00222524627964155,0.00591694287189508,0.0153724435573505,0.00330159618852637
0.0137983806093102,0.01064760959383,1.00088494666367,0.0188610357932527,0.999836892952106,1.00209619947437,0.0211155203587571,0.992419201274241,1.00265106973031
1.002097370576,-0.00286957444396579,0.0111495303624407,0.0106038234329661,0.00388691679580962,0.999447249986225,0.0106490128615605,1.00514792576115,0.991184187141794
0.000411444860985441,0.00644457196562143,0.999518005817275,1.00715452808315,-0.989038620330067,1.00304108228037,1.00431365487437,0.994538574771233,0.999677907579979
0.00628633137306905,1.0024063414883,0.0060120211876622,0.00314794188716927,0.00744398944864916,0.0045282116600745,1.00175527015391,0.99437061200449,0.998985422108518
0.00645153562383536,0.000274586447424513,1.00710914969154,-0.00119980854554879,1.00175284488266,0.011707575094131,0.990053527423999,0.0124250392014657,0.00222543386963716
0.998047162060862,1.0012359389157,0.999410116000066,1.00087302403324,-0.995961582501778,1.00096104525623,1.00199356142438,0.999021190903323,0.99916948223916
0.00804518136977671,-0.00442166506595114,0.999992625285547,0.00176453915722137,1.00347276236081,0.00203396926272998,0.995116970824163,0.0166048940575902,0.00575435033269112
1.00408932811931,-0.00860760566647052,0.0102442082467089,0.00970150693951033,0.993077040182202,0.00626054291275988,0.00985532629135207,0.0130462976472405,1.00090910891243
0.998378227455902,1.00265834476699,-0.987790405075288,1.003566840619,0.0087004520745732,1.00346325950852,1.00145790747709,0.998401555731494,1.00159726250142
1.00204245973701,0.0078283913527071,1.00273627362087,0.997552292772826,0.0046743648804912,1.00297290791332,0.00206439706634538,-0.00448277748472253,0.992140364973378
-0.00413847139154137,0.00548462116550344,0.00889293180549438,0.0126427900989196,1.00177329865202,0.00264382133883821,0.0275658482777442,0.00494132609393427,0.00412351226470154
0.996423701405256,0.997579928522763,0.00201945305671569,1.00161446848874,1.00344073344294,0.00240099871594274,-0.995470165103927,0.999625081630615,1.00304678981466
-0.00545920693827305,0.0183572629772513,0.00826830346772718,0.0144445556450829,1.000919979869,0.00224026897865977,-0.000602023349364075,0.0166062322537442,0.0174554544421016
0.00532741857654759,0.988705711651113,0.00830902334837446,0.0121242892343354,-0.00509074694732843,0.00515373875168861,0.0117746840566115,1.01012770802726,-0.00306768708351323
0.0107635666885107,0.998374588382306,0.995617148661807,1.00152649795918,1.00777328258018,0.0134696002651052,1.00510357089325,0.989302478121479,0.00915372919034216
0.0226067126485486,0.0256203396546526,0.0205643866776227,0.0142667279975131,0.0196840848664318,0.995674784503962,0.0252488812551072,0.0197207151198581,0.0160935713167297
0.00571279448782187,0.00637972355237872,1.01245952654349,0.994998042866995,0.00076907455070264,-0.000756197230182122,-0.00327166513519317,0.99620264363986,0.992721773737741
0.00968939203785699,0.00508940901370495,-0.0049519038194838,1.00957692302408,0.988970284821973,0.00072627329399742,0.00793888347269387,0.016806490736763,0.0311321900322021
0.0159365242649774,0.00875273181023077,0.99778839265108,0.990030987187094,1.0094621185928,-0.00333732944008693,0.0113478522024918,0.0110511894618305,0.0140873222805544
0.0122234259063481,0.0114986746409488,1.00162767076906,-0.00136613359872182,1.00665708701662,0.993749330292273,0.00514610534923315,1.00080228943273,0.994649662536585
0.993903207162499,0.0127537319791397,0.00401260260248754,1.00115047612842,1.01474950601231,0.0103261576660807,0.00597357541443359,0.987552369782777,0.00949672797332535
0.00219890862169975,0.0125118937771989,0.0202382255997381,0.0142484861464555,1.00497502902721,0.0122802531765304,0.993034118090043,0.0146331147472975,0.00612157817894144
0.999947910192879,0.000981799913215671,0.0157872434998525,0.00541127502236602,0.00737355242123121,0.00772730308077385,0.00889333125561726,0.00213483566381173,0.00357948254486068
-0.00793333769971631,0.0156275893232109,0.999286788717088,0.0088242980816622,0.00272040098932448,0.0169694765764483,0.00649015292150806,-0.0108247669118023,0.0129867408118861
0.0146340447779641,0.99958646099069,0.010688070117728,0.999465603324787,0.000962084522558756,0.995921311983941,1.00202946796389,0.014975978029536,0.00519341146168905
0.00698265508982583,1.0005326580122,1.00047410674605,0.997330816143873,0.00649754716785704,0.00850919937829699,1.001460276645,0.997335995349855,1.00036819698329
0.0102583574544484,0.00602357026315741,0.012249912475338,0.00757361291900055,1.00261882424842,0.0106966124792206,0.996445861291735,0.00675928713377965,0.00643823277917757
-0.00485155209575387,-2.84135123557665e-05,0.996645750296101,0.000383498281192001,0.99663611852099,-0.00689673152576329,1.00487470777954,0.00678502526761574,0.00290540582832283
-0.00623874857598527,-0.00922129894643052,0.986343411061734,0.0245255805102171,1.013115651379,-0.00149249670206696,0.0327212897911039,0.00291984797133422,0.020461817578092
0.00365786333309382,-0.0161946380633559,1.00610118183415,-0.00778818448399967,0.994753218412705,7.86719226661225e-05,0.999852421710677,0.011561419653973,-0.0012942533332683
-1.02843066249769,-0.013216156850366,-0.00978623110747923,0.0189827476441969,0.00770985624683447,0.0109083460428239,0.00564076712073605,-0.0116763999562883,-0.968150476461477
1.00726927298944,0.00454848247344279,0.99790654120689,0.997961791078271,0.00492454789087308,-0.993941597603593,0.00319135635402006,-0.00477187832439536,1.00047229112581
0.00273660277666117,0.992142652939066,0.00541693871990207,1.00229003537735,1.00875217385992,0.0126722917556021,1.00042551174679,0.993921445600573,0.00278233415018282
0.0102683582073362,1.00853227060697,1.01077143607046,0.990533813544067,0.00881821048438766,0.0052669170486641,0.994341226263998,-0.00464492519676437,0.993058955260801
0.0106657616249169,0.000210966469224319,1.00391864802076,0.0040997758541765,-0.000675512963697022,0.000277197743166166,0.00803894683103146,0.00269516335335906,0.993670406318872
-0.0031317502258169,0.00639029104785935,-0.00632586978314606,0.00186225271795347,1.00438466902434,-0.00353958235683182,0.000936078043251677,1.00040023772885,-0.992843482237141
0.00841468736742076,-0.00299498320300712,1.00084573863106,0.00383830403868187,0.999204647828344,0.00841012061971463,1.00775944993305,0.996166244973505,0.993916734379897
0.0164295756946991,0.0107181703388814,1.00912809886499,0.00412714935929195,0.00391023225349038,0.0148059601418729,0.992357484064465,0.00215412104779688,0.996788502165253
0.00879030984471425,1.00137698891105,0.00694459488374035,1.00126605225822,1.00051594281512,0.00549952755423547,0.994535446069993,1.00009808815827,0.00828636239178609
-0.00247789130462798,-0.000844327475321767,-0.00144485459732776,0.00220299354430548,0.00314713853184258,1.00622787761406,0.00154390848668317,-0.00157391908076985,0.00256536935242626
0.00775069340837404,0.989577038107574,0.0133214089830892,0.0206181196802279,1.00684823958213,0.0110815272247551,0.0215341363795968,0.0138074390118045,0.0107278689870013
0.00180584569063488,7.41184153349997e-05,-0.990987585731708,1.00284337460526,0.00696569717459926,0.00961500289641957,0.00974341023340583,0.993329329532936,1.01001896348159
0.0419007280634607,0.0107601102745227,1.01789366281471,-0.00182409669461454,0.00482805328402117,0.979422872974054,0.00747207895596858,0.0174752468806942,0.0102178497615021
0.0146920927338483,0.0148237918918297,0.00637838502226509,0.992063844354603,1.00992797574584,0.999227135818026,0.00892666605110507,0.995472195978925,0.0046638073760258
1.00501906982953,0.0118443027816479,1.00223355428705,0.00169843390164366,1.00202612263947,0.00626170497301045,0.994976456680652,0.991222573905528,1.00210046828458
0.00360299023913309,0.00344825938868754,0.00726096135946545,0.0095190220090568,0.00785443204799576,1.0012380987794,1.00331533819958,0.992367088941768,1.00131858788555
0.00581915046622313,0.999316318379595,0.997466672631539,0.00116887864851142,0.999363119448919,0.00370709590814164,1.00384319551973,0.99939491233132,0.997722885054583
0.992869290578855,0.0104185740740325,1.00210418515061,0.0068610375595585,1.00146176215055,0.997349167696887,0.999978850908038,0.00581873235862719,1.00414569029461
1.0054801789994,0.0254987311227892,0.0130632393090199,0.992311407589221,0.0186197084708366,-0.00182344430432245,0.0142751092675457,0.00850334348323585,0.0127843135050885
1.00234643061509,0.999361931670905,0.00249740723000919,1.00012496579634,0.013705526330051,1.00403072748028,0.0126226196096766,0.991627301920221,0.013950452454794
0.00660502054522516,0.0157571304567306,1.00309631173591,-0.00180066419509306,1.01154012343819,0.0126156083618976,0.994980265402368,0.000341990876277253,0.988656529425095
0.00616406227482684,0.0168263200260453,0.0100898798304191,0.00494242524590748,0.999642215628634,0.00815898104602112,0.00349777556024812,0.0137198795903696,0.00498218737385034
0.0086283501085826,-0.0169760676190491,0.0182945344975025,0.0378153525820802,0.996228624985366,-0.00424031848075004,0.0283782585267697,0.023196469038502,0.0205008719551005
0.00618566418122352,0.994631726023998,1.00347619721668,1.00073161721088,1.00939319457043,0.00850140401005606,0.0100609523510659,0.989046347112014,0.00348922721076901
0.00994063668961532,-0.00525746259006963,0.0206375797485044,0.00862874951904983,0.999849117703137,0.0117659124895968,0.0171514988286675,-0.00239428128335663,-0.00945574729977534
0.997926334953794,0.00654492762238575,0.00102141542830913,0.999808391031988,1.00658451614961,0.00473481598356308,0.99861611151949,0.994412702433645,-0.000346157749617534
0.00243149208652692,0.00407237224537763,-0.993800242995542,0.00145671324563727,0.999182536236695,0.00133464609530992,1.00212659711783,1.00238122870025,0.999613512964523
1.0233903062246,0.0306856820053658,0.0143477427019104,0.974635491069735,-0.00328884976615034,-0.00157550266443095,0.00401466938445736,0.0208351463863184,0.00620668056473491
0.0108767436161517,0.0111142734133184,1.00197890082151,-0.00397133183246591,1.00282644493353,-0.00174761016074646,0.995881109462976,7.56467889870387e-05,0.997474641954713
0.000771453620721416,-0.00270538677515109,0.0112621148695498,0.02711822831191,1.00123688048104,0.00417467535668972,0.0223763221686611,0.0267612673722,0.0122831338018904
0.00755722045305911,0.008215096263507,1.00150729281343,0.00920171362043213,0.99668844352223,0.00774520375183817,0.00690459225676786,0.0038896995004661,1.00012894339436
0.010866545356614,0.00402627412357166,0.993709122912259,0.006976674424236,0.0118723463098353,0.014288943521119,0.0172767041952246,0.00392095036083897,1.0036942541321
0.995549938648408,0.998335547599838,1.01527943207259,0.00187574163397838,-0.00190621129358301,0.99748982614148,0.993623823592514,0.996343643786716,-0.00762993206941918
0.0104222358020575,1.0057897977089,1.00149502027739,0.997507443577319,1.0055108874715,0.00608147023995961,0.999887942617461,0.991919451417497,0.995687440268237
0.995016931635935,0.0088054087182247,0.997310955047042,0.0073818774097773,1.00365988276288,1.00078231764889,1.00154702983675,0.999728032094714,0.00620954448412835
0.00265794497404082,-0.00599882786943034,0.997795910544492,0.015254459055519,0.0222443456642115,-0.00834655784154964,0.0326202888536195,0.00823626813386825,0.0155378356896432
0.00902452894246574,0.995812949906641,0.0111537954632962,0.00443646372967965,1.00017842113991,0.999446060928186,0.00624608797168076,1.00428639126157,0.997742719403049
0.999104712193156,0.00338625550497479,0.00722938607443287,0.0154311287123586,0.00800762931428974,0.0130893103188506,0.0131223720023334,-0.00219606206454313,0.00562459675725999
1.00697106527056,0.0103679400054567,1.00504538089776,0.000869510161941896,0.996665891714367,0.997770309263041,0.991574458261969,0.0107656012252308,0.999947511814761
0.00311750884362482,-0.00499538423540604,0.993985559186827,0.00873442970076704,0.00699770584826335,0.00953179527977884,0.0116022162240994,0.00624711943875734,1.00360129290963
0.00563108735523987,0.00431808266219978,0.992656312505219,0.00466036939248319,0.999407315217196,0.00297173021985702,0.0114238492336871,0.00437439862958864,1.00561722994437
0.997796771506083,0.996611046161348,0.00556191684656778,1.00007716575884,1.00512488296201,0.996056781474441,1.00157877226774,0.00874196387711729,0.00737244214035916
0.987759594483663,0.994103331197422,0.00147540983056881,0.0131735308261723,1.01121327548647,1.00624507691485,1.00247784190964,0.995027239756654,0.00895550065511466
0.00257489836887299,0.996042049079677,0.999399570033161,0.998026024271799,1.00616552994193,0.00508798217170705,1.00525237256869,0.996147229553164,0.996518760141295
0.00217149261549152,0.00159215295594685,1.00672647094403,0.00261676455524514,0.00998670514578064,0.0136125115188261,0.00662426153586352,0.991763012873245,0.00639758239883743
0.013327670545002,0.0102408635073868,0.988090265297877,0.0161046734415695,1.0093145378449,0.0223418378454944,0.0145946954488269,0.00185068841836952,0.0229935897701889
0.997586672844155,-0.00636843221509365,0.0130611348631726,0.0236646883921041,0.00652860162743886,0.0138101004825889,0.0175011144425471,0.0150422205556011,0.00525895351288834
1.00443852774358,0.00908852802023938,0.00421481305970917,0.997056784906539,0.00994017176328871,0.00843850027691006,1.0020253201831,0.994649090990424,0.998894853871508
0.999641979580505,0.000460454165769793,0.995669409526941,1.00422580201408,1.00351780244174,-0.985535830962478,1.00884670827726,0.000363605800129656,0.00852278488842697
1.00151175888669,0.997655534740892,-0.990901289187702,1.0035567366795,0.995484172241046,0.997781967839121,0.998799027370144,1.0103493347216,1.00115879566789
0.00021441004440367,0.000634398153120776,1.00390216542653,-0.980038695913708,1.00284259359354,0.0122278878018056,1.01013075450386,0.00528378351707887,1.00076511677219
0.00550886266235482,0.000898920406098974,1.00741174789364,0.00449395184522478,0.994189122844897,0.996667992798348,0.0056963267819341,0.0043771301159643,0.00740613502599006
1.01448895922329,0.999297157421768,0.00408452422302818,-0.00103496408523306,0.00139407561047729,0.00622906456500561,0.00366462573252234,0.990393256003157,0.993125323555398
0.0184622294476025,0.0116730359303086,0.0360093086140344,0.0167701193843871,0.996628554622247,-0.00298340187943535,0.0140862830908153,0.0382132073942685,0.0183522840197283
-0.000241771216970008,-1.00208476635222,0.00161712074916455,0.998348421794156,0.998795152957366,0.999266006340151,0.999214704056997,1.00031181150358,0.998974460691601
-0.00675618639698286,0.991610179669074,0.997787765215091,0.00768906789873143,1.0011333086193,1.00323512362171,1.0044301100022,0.997760415030922,1.001099596348
0.0095299312901448,0.0105661812607171,0.996717429995467,0.00326183121578296,0.00680666594316445,0.0046364842166843,0.0128407753219856,0.00443284059398517,1.00108649146992
0.00459176168133422,-0.98878906440095,1.00370749162176,1.0020314368985,0.00865638065900639,0.000224191350509645,0.00533782579180073,-0.00197501943416483,1.00264822036398
0.995976385386134,0.00484659276747406,0.998133557097488,0.00357028672913771,1.00382270969537,0.00981409061747641,0.999559496383949,-0.000253703933590029,0.00311929730941057
0.0192243909598543,0.0253041535234566,0.997462925690872,0.00506539740428844,0.0212287983233583,0.00132818769810018,0.014269178653598,0.0192148851361904,0.0176009772267359
-0.00254089716365592,0.00256488210028978,1.00215890617833,0.0108838460655417,-0.0029669974217369,0.000633444791107972,0.00768099298861963,-0.00168303655493282,0.00680583757848205
0.0023761173014718,0.995285722812465,-0.000496751545604931,1.00331611273579,1.00475985740501,0.00687318719660787,0.0111293774672159,0.994171182541592,0.00312185042312923
0.00190196442994356,0.00952009244467203,0.00572096481451961,0.0202421044441116,-0.962668071183076,0.0171282103170472,0.0225487500070095,-0.00578535133109854,1.033869224986
0.998030489010157,0.998968993067887,0.99826637740339,1.0028385408228,-0.99742598847413,1.00253362523381,1.00129766798398,0.997549240775056,0.0030783609569142
1.00095845174241,0.000614006282590838,0.0083164574581847,0.00465944876527481,1.00368551862379,0.997323062037545,0.0133013745736227,0.00375385902120333,0.995732000328911
0.0165222575718654,0.0263669894272246,0.993693436471701,0.000147919911706788,1.00019698997509,0.997621633232881,0.997049074919323,1.00761350007871,0.0275516995768323
0.988373855938053,-0.00080368984156613,0.0122858551472133,1.004343723194,1.0054559918889,0.00907500118666054,0.0132526686357625,0.014095855186843,0.0173232175202536
0.00206991800518809,0.00578097675704131,0.0044642706018151,1.00485855521338,0.00847974746951073,1.01013942277047,0.00582391361556621,0.986974647020108,0.995620861684485
2.16670322207349e-05,0.0082282921671209,0.997318492223314,0.00651950346200165,0.00827844466977212,0.0104014456863702,0.0106952002625715,0.000715576240139162,1.00074281303233
0.000862597334434407,0.00407847887216436,0.00599783501005057,0.00225837885466976,-0.994776001007161,-0.995881715978926,0.000565580021115696,1.01791668963684,0.990353609591204
-0.00624398026761452,-0.00819540071186538,1.01423376337404,0.00293613703093696,0.985192790496492,-0.00125585168341283,0.00364233356605735,0.0182011675030413,0.00845472762264158
0.00687776759961,0.00492039627578594,0.994588270914276,-7.11815047839959e-05,1.00464042034463,0.00630393947141822,1.00043417096581,0.0148121777265746,0.0142890412319618
0.015298437567413,0.00951900119354755,0.997823343698725,0.00666075084773019,0.0127619774767819,0.00935531540965257,0.0109946635011002,0.0186676660844528,0.0203409874625843
0.000449901552919063,-0.0057199795996194,0.992519281161582,0.016890292523532,1.00606469340336,0.00986686195012231,0.0249607320576109,0.000972440833076423,0.0083531540050046
0.00974500211077273,0.0126272014997565,1.02116418873308,0.985858024264847,0.00180062398817692,-0.00122366905594855,-0.00734130094705977,0.989275144132996,-0.0130199134180349
-0.000301733587228161,0.994285482643288,0.00175143083601743,0.00454201958188329,1.00953836524034,0.00590429691278123,1.00023357889867,0.991297609992762,1.00194357146617
0.00174272198849793,-0.997451746627015,1.00049973281001,0.000637008308825499,1.00111525562449,0.000490920644165936,-0.00110454515753079,0.997744646412701,0.00241700397100866
1.00219491216366,0.995331127608237,1.00253870724756,1.00080131918722,0.996726510693691,0.997153819114109,0.999198020627408,1.00497851044161,0.99814853873459
0.00579645071040328,0.00125875611673995,0.00671848430868789,0.989425204533039,-0.00369827422553971,-0.00531631852505815,8.38688962344209e-05,1.00881465157609,0.00173146024221967
0.999545693057432,0.0165439859958454,0.0193790127455649,0.0136310742229478,0.00669082427078942,0.00443738388089189,0.014270559414737,0.0114994522072724,0.0108748860541959
0.00139248287171651,0.00516466549339773,0.00755767940517128,0.00411941611690124,0.00101745233195348,0.00127938642689855,0.997556380190699,0.0088891680783838,0.999702186887394
0.992918925697685,-0.00717877685050925,0.989942952849002,1.00327982435857,1.01154011193689,0.0174263632253847,0.0156636225212926,-0.00405525803036571,0.0145378965588548
1.00189606185454,0.0181953228730906,1.00052913609948,0.994837183784996,0.0134075002183565,0.00669842641281871,0.00747643403041004,0.00284088697045404,0.0108396924176361
0.99855380074175,0.0020841359350574,0.00537922835569122,0.00633496010117489,1.00418652658275,0.0112365220087898,0.00453807667434936,0.994754035898846,0.000633232276921764
0.0061221069559682,1.00168186637994,0.997542375823722,0.996305135843668,0.00765599102209217,0.00321358339340165,1.00209988884511,0.00284841285127056,0.00691255028776578
0.00650943080147635,0.0145582450459477,0.994130276634557,0.00980718110539359,0.00906929387202739,0.0092804441831107,0.00958117718327206,0.000254379300491354,1.00413855864313
0.998798261441272,-0.00212411386671264,0.000451073193506663,1.00309899727102,0.9987096162682,-1.14646653633076e-05,-0.987577973569541,1.00937245377808,0.0083978288099451
0.000909303535202199,0.01120545157053,1.02888129724332,0.015344866651002,0.0104938011787125,-0.967619750613034,-0.00407810572524245,-0.0060456312237507,-0.00486254472914381
0.994215149997956,0.000795731027102293,-0.00114097735014221,0.00418588652756025,1.00656288626717,0.00304705791499681,0.00575160781604925,0.996379733756833,0.0041033584232682
0.00227520364184983,0.00283777504342319,1.00111718738678,0.999885757270439,0.00137992511371293,-0.998091700147704,1.00127574546285,0.00114762049927232,-0.9964364755083
-0.00182094281678092,-0.000697930160335376,0.998421684522605,0.00996361348148367,0.000558195494747404,0.00279027869645845,0.000189536370319019,0.00665012325252971,0.0112461998747433
1.00203648370657,0.0117066244239592,1.00287633519298,0.999771764740963,0.0104601327450896,0.00756422439627075,0.998940354300217,0.993616651985318,0.0055369980979781
1.01195130606922,0.0277311927551688,0.013626433340669,0.989980324297122,0.995639721539508,0.000499407240566077,-0.0037807776498288,0.0118596379784769,0.0148737877188802
0.98747254387737,0.00432446610688652,1.00024396000466,0.0167564445938103,1.00908799322309,0.0165474024236839,1.00075086364776,-0.00300828197324004,0.0104679164161506
-0.000293475079452652,0.995523559862484,0.00279371744827376,0.0068385916333276,1.01334743945289,-0.990302714634233,0.999959605975537,-0.00347559075009451,0.997857311248152
1.00186547902465,0.003992624261154,0.00496444076954998,0.00684848908506809,-0.0016665861852546,-0.000515644389286572,0.012606136013669,0.0186376101807083,0.0080173647862157
0.00540077772552752,0.0143459244575619,0.989590549746828,-0.00221053742440653,1.01363467033089,0.00985976640891488,0.995092055725092,-0.000521340387050676,0.0145747769164755
-0.00869025246035975,0.00320615418482679,-0.0135163285758588,0.00603985042284991,0.0117350727113109,0.0192240683333366,0.00157839030502326,0.968059539918543,1.02885878252083
0.0194594738764347,0.0110239239451639,0.00307485086845546,-0.0111782895371448,0.997232084506332,-0.00407425685450008,1.0016353392937,0.0049046571429985,0.0110805927805172
0.0138096148124129,0.992247140958744,0.0106192138682767,0.0055077502398253,0.00922023219426791,0.998238450899196,1.00945947745432,0.997592133660023,0.00180270068537018
1.00780236540484,1.00343548583933,0.994315371429457,0.993920588921742,0.999910955507969,0.993184585055753,1.00021881892614,1.00284790188451,1.00263818512531
0.999596556351454,0.00450443182536469,0.00440855285417554,1.00069604014955,0.997615484653252,0.00317423393071428,0.00818673998834761,0.00968633796507309,0.00600711878226914
0.0117122869644963,0.992320502819282,0.991721047545395,0.996630609747127,1.0030959528454,0.00306654461550947,1.00450426340645,0.000275721844050152,1.00925039458115
0.0293035005005502,0.00272050771359996,0.993318578923576,0.0160089940357229,1.00459329317968,0.0101701921246261,0.016476045498214,0.024247044090234,0.020863432310197
1.02214939625479,0.0245494854153228,1.00508568080206,0.966971209316714,1.00280277420712,-0.0107127682015004,-0.0138418006978653,-2.38946911677664e-05,-0.00270537741846445
0.00847499694238226,0.997763661338383,0.0125032088045488,0.00707286318860938,1.00325323809231,0.00501860778439759,0.998127198328182,0.00959551505572852,0.998164697899702
0.000574144328239747,0.00378145567260262,0.999339285930129,0.00177571531430361,1.00428203658231,1.00141078318573,1.00663770050069,0.991872262083388,0.993936023219178
0.00551307522328677,0.00912198543720034,1.00057807772242,-0.00452671680514615,1.00006148752534,-0.00257280046882468,0.999249929257674,0.00234658678772736,0.998123256518458
0.0308517497538387,0.0102948398383384,0.992371682713121,-0.000538163219599165,1.00555398453757,0.00609175134441745,0.0135738141977575,0.00821374945578642,0.0189494187988034
0.990586598700136,0.00734949767179177,0.00315836273859429,0.00673992629770579,1.00697861571183,0.999271477911748,0.00677502345351435,1.00094521866349,0.00534518550245762
1.00000256345171,0.0123986006653936,0.0146993521035378,0.00958832741824408,1.00933037118314,1.00484872396291,1.00353295424779,0.0169293803820997,-0.979792549957909
0.00613769426192361,-0.0173057604539631,0.0171305134819256,0.0228068710936588,0.997426463119905,0.00735806394797031,0.0284734644244563,0.0162615334479855,0.0255389877843409
0.995126460310501,0.00256788920216237,0.00701958744929738,0.0117008781241958,1.00159413066313,0.00627581632504864,0.999232391164423,0.00756115931992783,1.0014096572194
1.00147220937382,0.993479455601026,1.00550046343833,0.00850065130171926,0.00611909194448735,0.00761434713747189,0.0113630292474452,4.24525928548035e-05,0.997181163561345
1.00062595468131,0.997788621985569,1.00353724507687,1.00110356923832,1.00267156568968,0.994146749978883,0.998030739161439,0.0106856046992966,0.00871563163537709
0.002005050088433,0.00759369503044319,0.997738963679589,0.007900901396164,0.0101400952173481,0.00901224557068687,0.0134693307114656,0.000132421656414587,0.999870396064828
1.00327377156254,0.00303996386229338,1.00013091849307,0.998030808621898,1.00298489968971,0.00759105112488127,0.00782861162286535,0.993194441903916,0.00630041492029707
1.00821455365011,0.0116277123922974,0.00876799994654549,0.994877233285332,0.00606316939214343,0.0040132527770113,0.994437435870185,0.0018212158794738,0.999513284923837
0.0168989360035097,0.0101823342421528,0.0296296128046215,0.018292228145247,0.997539087133596,-0.00281209263196047,0.0222237151904355,0.0312173776513678,0.0200067383148692
0.0015244063100461,0.999172226510993,0.000499237654968568,1.00018701434415,1.00001465671635,0.00300101479247378,0.00127090574739847,0.99758420182356,0.00257737299018887
1.00595009379454,1.0149636033589,1.00260659667765,-0.00589031822613423,0.993280335288124,-0.00236335324443191,0.987778487626933,0.00421948966920748,0.992944774215706
0.998599842259737,0.994997858561679,0.000357517071442686,1.00790554412998,1.0034499872748,0.00649839708404461,0.00929394574124365,0.99285750846745,0.00951354653175563
1.00372345038156,0.00486143005326817,1.00273449875799,0.994639614866402,1.0035389818197,0.994658230088407,0.999924817324732,0.00607320611870417,0.998014922603965
0.00227949091873913,0.00928803619981985,1.00123601327113,0.00516790074711524,0.998283190140806,0.00757175413214394,1.00093483571826,-0.00396342057076604,-0.000828486398932224
1.02606245166582,0.0136245545400059,0.00854400348021511,-0.00981549291758254,-0.000474677263105847,-0.986456484052723,-0.00290259691463059,-0.000118625951991339,0.984502677074426
0.999901415814749,-0.000346845344660428,0.996069642671996,0.99841020846316,1.00264157572954,-0.00400777377164364,0.00394328635327326,0.00323685524601748,0.00472949965868034
0.00290343520803793,1.00442465642352,0.995601557704249,0.00314203428268529,1.00232575746604,0.996289055315172,0.998701551319904,1.00062420773296,0.00530065025414134
0.00533100800984005,1.00242537854459,1.00083124674799,1.0001386498669,0.00851990559394924,0.00632100869082505,1.00042773644978,0.993362405062019,0.00931051746434518
1.00005130435947,0.00144910601194254,0.00853901294052148,0.999240353352941,1.0059499578784,-0.000817711432635389,0.0121246793196541,-0.000792685174401877,0.992060501720931
0.00355169189463587,0.994063617722669,0.00193841754770888,1.00276651863927,1.00187977079199,0.00750631221148793,0.011755726265175,0.998885008685582,0.999759934848219
0.00100669234677381,0.00633032187338731,0.00672818250812688,-0.00165477189792174,1.00173544118749,0.999881018417632,0.994465183860321,1.00126248483829,0.00888380901418695
0.0119070491636504,0.991644632549619,0.994835481992126,1.00242904063256,0.00598680796252426,0.00614206452338417,0.0122915405809992,0.00708460208445444,1.00840227279811
1.00186817665912,-0.990974859440981,1.0031753413383,1.00131614072864,1.00699333162961,-0.993591986323914,1.00107763434946,0.997996398287028,0.0040599128013117
0.00933241495412563,1.00386072074359,1.02646317025437,0.991220843706725,-0.000471210487798763,-0.00103753221149643,-0.00547736539461567,0.992131235671005,0.981835986611314
0.0082509579710137,0.99703162640433,0.0135085438549545,0.00561389237983364,1.00717978368131,0.000262556929250677,0.999252372443381,0.00736892128638753,0.994069856048231
1.01654795205997,0.996833961519453,0.00442149059639853,0.990142595913991,0.993998124945856,0.00159342524900894,1.00042419508918,0.00635477165004909,-0.000158832213216538
-0.987322047373907,0.0082747561013254,1.00577123347515,-0.00420277609337351,1.00450374861904,1.00014092437656,1.00271149107078,0.997051214374549,0.00142645722073356
0.00288715558047754,0.991088139453978,0.998517907700753,0.00752097858443765,1.00187736759027,1.00079582503568,0.0120250965530755,1.00227211738378,1.00237961829784
-0.00778401747135309,-0.0039099763103993,0.995813167513618,0.00393663861997319,1.00102571484835,1.0019598230228,0.00705522330747788,-0.0046350779897701,-0.00342615761955208
0.0297249845632923,0.023543824943469,1.00150211066484,-0.00369344922733753,0.998008814769679,-0.00459614516458843,0.00268777061026139,0.0166830349014604,0.0129925672788603
0.00262436270083694,1.00351271613549,-0.996847716948046,-0.000461305978817679,1.00005911419779,0.997760967655369,0.99876393854437,0.00222877511124119,0.000250757040868188
0.00807526914790047,1.00691710178087,1.00220795175997,0.995489260981693,0.00787713148487782,0.00852844822113556,1.0020009623058,0.990358930612442,1.00015595986467
0.0174183760138052,0.00720829388225895,0.00963957066328078,1.0000813795881,1.00228768206254,0.993952900335004,0.008245024187068,0.0152694515667799,0.0117493516636384
1.004133694674,1.00176806177226,1.00853156477169,0.994884728885192,0.00176172264478158,0.000912381705237063,0.994895936922656,0.00177116463079717,0.993117597685572
0.995269209412189,1.00319186653453,0.00872735649191512,1.00650648858661,0.99825707688731,0.00450763273802343,0.996456759080974,0.00854726109654582,0.99796564652592
0.0111715421525477,0.00454001186228814,0.0180731857730142,0.0107730025063024,1.0087512159781,0.00730284021422952,0.00618684229289736,0.00127523818971535,0.989093152706331
0.0171099668891959,-0.000480472024459832,0.991150475514799,0.0171763468576211,1.00616718820187,0.016741411779969,0.0245528057423737,0.0175676266125578,0.0194289196515775
-0.000529074493558677,-0.000114196859907692,0.998370969287684,0.00409280676593351,0.998666353968341,-0.00246409243604157,0.00362850971698098,0.00170473577607666,0.0024493866455894
0.998064912587209,0.00515308327539148,0.000214882844409189,0.996237484216442,1.01301408321358,0.994422012642364,0.00413196615366015,-0.997309470432269,0.997893223746226
0.00505230223557379,0.98922306561161,0.00638161062022134,1.00356454309822,1.00551130509692,0.00728150944860734,0.0109778180195427,0.999356197788441,0.00238987454936702
-0.99108183555257,-0.000129694686890226,1.00033094453491,0.999444309465011,1.00002306861952,-0.000326956657823862,1.00799100978464,0.999721055831744,0.999028668217178
0.997697796997326,0.00714092738809512,0.00910267054204341,1.00469411121278,1.0054145284158,-0.990507085354787,0.999977452171928,0.00286499024390507,0.998882335656524
0.00405687415495696,0.0101553516098345,0.00875417406113775,-0.000146402957294289,1.00663473986257,1.00396142587191,0.998651532464088,0.992720948556258,0.995345840754733
1.00072036875012,0.998918066172826,0.00157053166419395,0.00186785509635324,0.00204584748964766,0.997373916521486,0.00513091072604751,1.00020823266508,1.00022535309281
0.998756047803223,-0.00505720227514113,0.992308851981213,0.999448184500541,0.000889028272896142,0.00312927990361502,0.997504527674826,1.00951031702729,0.00750587202550475
0.0169580311337252,0.00390855581440556,0.996326742579189,0.015568297635526,1.00175667369748,-0.00233997332979509,0.0173638104014371,0.0349559755191197,0.0141497650352987
0.00150371669304399,0.992997042350789,1.01258954684844,0.00137291404513972,1.00027766331092,0.00243092423061896,0.00183935641245156,1.00361158913377,0.988160685854563
-0.00923362186950321,-0.00468564875870413,-0.000226443341385027,-0.00278557976318923,-0.005886371291044,0.0032345633473081,-0.00679630180291326,0.000613622615233612,1.00137013072146
0.0120269543813807,0.00633021788934255,0.00310394365712614,0.993961774389863,1.00129531467126,-0.00355914270520579,0.00374002127963482,0.0052936960743357,1.00188050564344
0.00487899972528263,0.00584657177646776,-0.000754750506339408,0.989412258459868,1.01687981252635,0.00277620391996271,-0.000407274656647565,-0.00775298132498833,0.990728806584916
0.997859606378725,0.993834092739584,0.996930911092051,1.01045283718138,1.00752261150629,-0.989412822395439,0.0083777138100738,-0.990965378632595,1.01036483627507
0.992566142752215,1.00346776542551,0.00518918161241209,0.0106941704754672,1.00200094117575,0.0072866233845685,0.00631368387340225,0.00569930598422984,0.00866595441704445
-0.00187632021495997,-0.00153442562695945,0.997908446381396,0.00565860639341265,0.999414772233199,0.00475007412868976,0.00797934817597144,0.00438196726224875,0.00899889345905565
0.997376830573677,0.00366105906794614,0.014916501376772,0.00886602365837725,1.0065053989002,0.00645611967045815,0.995405783909499,0.00436368031393238,0.998185263724876
0.00134634208555271,0.00225796769117347,0.0118703109629582,0.0134801501194335,1.00121359791975,0.00507086844746122,0.996916791674249,0.0191430594829614,0.0118165238151509
0.0148341942242138,0.0113436675811767,1.00739981155848,0.995872028093364,0.998093484491651,-0.00181749172585229,0.00262343676890875,0.00708403454652017,0.996130877880888
0.996644095627101,0.992523710023456,1.00800174358031,1.00222050879102,0.005302899018631,0.998541878943217,0.999681340079415,0.00269036331681461,0.00172035033378233
0.025852314661257,0.0085489022578734,0.0283672086674909,0.0190229971095232,0.996427993403271,0.0030310302642171,0.0209368111768453,0.0292963686319884,0.0271520971563548
0.0106053785739956,0.0157279307627092,0.0159064316898452,0.0151158429626536,0.99772348008202,-0.00014869048519503,0.0139638232662574,0.020188261663702,0.0107708715205601
-0.00404025714642018,0.997334107792329,-0.00261610735597579,0.00661702530629929,0.00434257923639738,0.00300634560837889,0.00237385983424872,0.00181497282328876,0.00427780393272102
-0.00755592960859124,-0.0058940239778711,-0.00696973931758269,0.0212236547602765,0.02377020980141,-0.959964291150759,1.03497826261668,-0.0164127423093043,0.010666475513824
0.997043762729342,0.992330808231657,0.00568711637427765,-0.988185896765289,1.00049376952763,1.00342419626923,1.00828280419778,1.00531019576055,1.00201717218258
0.0126761727934037,0.00681880690151729,0.00579451045791202,-0.00266608333519956,1.00350615728579,0.992260511798243,0.0103995650107304,1.00228992191674,0.015365918340044
0.999349398017326,-0.00103845671656624,1.00449793588653,0.999653868879868,-1.00155252763094,0.996917270556895,0.999722983132958,0.00570470613892495,0.995647801127741
0.000189570394630955,0.0133397045989408,0.010384000257619,0.00599056588699254,1.00362295358746,0.0132533105565233,0.00546190091655554,-0.00870450812319443,-0.0018967608233093
1.00582546123218,1.00317228097923,0.996835089928149,1.00150101933177,1.00574614934851,-0.990187175193899,1.00280329281799,0.991281381064851,0.00588273640501901
0.00628642125059192,0.0148860472611245,1.0004809730488,0.0126860462339587,0.0130477711279386,0.00249556955907739,0.0111875353645906,0.0194328765131645,0.00790368466373607
0.0151837473123452,1.01574455712665,0.0156131963927432,-0.00160639876114029,1.00058019601781,-0.00233066346249512,0.989097386249913,0.0108040698881566,0.992634494050227
0.0154963049825701,0.0157229157557547,1.00271821591288,-0.00660148629712586,0.010877612259559,0.00334133454556215,0.994903245520784,0.0018306886091908,0.999774686187777
1.00839642291347,1.00007943956507,0.996881468416975,0.992635290104011,1.00725479358933,0.00464863785060232,0.998972366778849,0.992931735475603,1.00056824100894
0.00597932367819913,0.00513152335580216,1.00115787175977,0.00358766178282261,0.0133553058519293,0.00901719886437479,0.0102611797059462,0.00425490963727089,0.996885650878875
-0.00655173562523469,0.00745343365610612,-0.00472211145539424,-0.000149836902420578,1.00821198984246,0.0154039071392104,1.00171635312984,-0.0161956250580101,0.989368839332774
1.00282337134181,-0.982539844871409,1.00483861877064,0.0054872865727607,1.01345389460322,0.0118352978317822,0.00646158391933133,0.993397440950266,0.00911097210990376
1.0171895548195,0.998618652791955,0.00304229582050021,0.993806968392332,0.998296677501163,0.00227730379724828,0.00464004287273466,0.994606489298673,0.994897370628281
-0.989011525488652,0.00831054091365954,1.00105937111544,-0.00374729130271352,1.00376746906418,0.00438957008545677,1.00365564344259,0.999317820660039,1.00044661262087
1.00020502572112,1.00158337833106,1.00799878025681,0.997701827976724,0.00739833724809953,1.00118319686015,0.995065283326814,0.993537925695417,0.005618782199051
0.00209282434171859,0.0146031232575924,-0.00228033053533051,0.985296201461411,1.02139510868366,0.0022594927775015,0.990096115913644,-0.00964540199404313,-0.00121103040538761
0.00305799164952253,-0.00767769182319521,0.985031321935933,0.000806410988005724,1.01435269760537,-0.00215610214136841,0.00597249105377854,-0.0120964557451466,-0.00755380301132071
0.0117189477477768,0.0131379902289554,0.997664042844509,-0.0045853320991863,1.00094128281242,0.992486092633612,0.00239042940083837,1.00397455191994,1.00215266914037
1.00248677049318,0.987657040876897,0.9972769999801,1.00001292149763,0.998440378479361,0.99612756717989,1.00531308422413,1.00820674588747,1.00249059834678
-0.00236684698675444,-0.00500890506839153,-0.00201998097499957,-0.00258968139401996,0.00335311816639445,0.00259087498285788,1.02958375647269,-0.00996003585991631,0.967763682360561
0.993086391366877,-0.00157149029319073,1.00293644816344,0.00670213764828599,1.00398803619922,0.00760005157260673,0.00409948962036547,0.00234604830188105,0.00663490096917756
1.00535061911276,0.000837375032100285,0.00201051881827132,0.995283862564209,0.998397766101703,-0.00175742282045394,0.99844907042345,0.999701072476872,-0.00212705801230272
0.00924378710320051,0.00430837849134991,0.0110476229056491,0.0049217923932082,1.00358383971621,0.00757420668372965,0.998605283756952,0.996039986159155,0.00411934408796863
0.0186631139612619,-0.00698706158614117,0.00665688746679856,0.00945240096548255,0.991753031914841,-0.000938532493493518,1.00691628135645,0.0209639515197115,0.00729149511922543
-0.00664760484363301,0.00684496198806291,1.00334616438502,0.00441832130489105,0.00427580462861558,0.00665233761228358,0.00592843822316599,0.0161601271469942,0.00633545885353281
0.00433711550319187,-0.986280170156041,0.0129848024329296,1.01344841182793,0.998487693123759,0.00106856677467486,0.0116491203168352,0.0111559805659694,0.0156179606307183
0.996899210286886,0.997927434788944,1.01000113986504,1.0011662232608,0.00644695191326822,0.00214865919864192,0.00418307599889892,0.990909612636921,-0.00069408526897017
-0.00941671585779298,-0.00647146962795983,0.00233608700193072,0.00681921081883734,0.999961704311336,0.00623655928203092,0.000325923596179181,0.997301817284734,0.00108209798667772
0.993185580670717,0.00732935343648478,0.99911573448056,0.00509467049598555,1.00925519202191,0.0094097219707885,1.00061303648189,0.00323454118907167,0.995875939593109
1.00699326389457,0.0152327580465689,1.00334141371114,0.00081619057313681,0.00849984818620532,-0.00275931769877324,1.00038144490898,-0.983436401594135,1.00403495015135
0.999906767511064,-0.00552261887919703,-0.00174572141964156,0.0150159417671836,0.0139311255063199,0.0128382129195871,0.0144005529988778,-0.0171401482527308,0.0091515766624786
-0.00204600180663745,-0.00214130118096682,0.995040139118674,0.0116516206726773,1.00238876758246,0.00375612839230783,0.00803082395829282,0.0115434280076006,0.0122308686240187
-0.00469037138223766,-0.0101629386687805,0.998577042028425,0.0149432419388472,1.00077705969311,0.030304909707858,0.00652387132180546,-0.00986573340682888,-0.00634397905119257
0.0113860617781948,0.00663034941970767,1.00201840167154,-0.00577119397979055,0.999201556520727,0.99266204041381,0.998376052794533,1.01072511118361,0.994382129125436
0.99717819211542,0.0119780116935271,0.00606595343543855,1.00021479810761,1.00199036438033,0.00646132256948556,-0.00097199365250138,0.996901543898872,1.0011352624892
0.0132146155374449,0.00660438190006638,1.00403606215049,-0.000989958621496936,0.996082596696553,-0.000805318871372435,0.000523339442594447,-0.00077592596887257,0.998293797944874
0.00111465341865611,0.990510252815513,0.00577284562327247,0.00889484502854668,0.00659491651632483,1.00417739160258,1.00652766158394,1.00062242878804,0.99549295493131
1.00373767777606,0.00521701999309349,0.00852068820407649,0.00288303310560992,1.00264783112908,1.00063760512361,0.00809166633864921,0.997619243921576,0.992930200744748
0.0028279802352207,0.00247979224343343,0.996368836502759,0.00577465172050751,1.00405221767358,0.00950256766245983,0.0128459371362965,0.997352444240358,1.0002737255551
0.995942937846051,0.999051466772604,1.00358544170587,0.00835725127400237,0.00543960273255584,0.00996548338315052,1.00339415442462,0.9966904887779,0.998516049269284
0.0171801658088797,0.00567699997002915,0.00127607652140169,-0.00267138337137403,1.00561879960055,0.00312033512447848,0.00692966610619662,0.00326208055865038,0.992529199977752
0.00323728794133328,-0.00320329110122415,0.984593469594976,0.0214794851049126,1.01165735967093,0.0235948140184313,0.0224474531868747,-0.00131793119044689,0.027584682360247
-0.00342353604184936,-0.00844594534559219,0.0110316926612703,0.0018784638733694,0.00591610923421155,0.00835958213865783,0.00447654670647639,0.0089476147180976,0.0054207979914275
1.00127025066875,0.998828984947516,0.999033157501147,1.00582583053092,0.00345087037639865,0.000836391338972387,1.00297154185033,0.00813093333592846,-0.989192408204726
0.0166108859406919,-0.00147631257615196,0.986429955324736,0.00731146198651042,1.01075625128129,0.00858809810833046,0.020908451960815,0.0143566098824723,0.023815981836511
