0.096774905535898,0.109868144834988,0.143841022327181,0.180370157947849,0.176402144183032,0.0133026092838729,0.184480108508514,0.0441772460114682,0.0270299216112899
0.0982544523104168,0.0156422897991455,0.510019875598489,0.0467674577502422,0.161040261081855,0.119476605446774,0.274495157587177,0.0446928678842633,0.0510085207827216
0.192345174413985,0.0637084979046278,0.295734673686631,0.0485716715027277,0.0682850330489086,0.217248741479184,0.0750644103391625,0.0743050308357673,0.083043844715146
0.145471675482038,0.203067626774825,0.314282714405908,0.111372881934893,0.116377142223112,0.0576784757805732,0.187551521874237,0.113329591769646,0.294709599745141
0.163857733433826,0.138731135094651,0.196386519078633,0.138544962800578,0.181050209511768,0.171745182055602,0.222091610984387,0.143561225147536,0.084505387821979
0.0883451429788761,0.136629423988663,0.338617580368616,0.14822193329981,0.230542257612916,-0.0416941850854528,0.163962800993169,-0.0664602944993579,0.0500105174653124
0.176777600756227,-0.235690160492981,0.0329238145803454,0.032097242710368,-0.0572778596924346,0.0380414156349791,0.0248215247695023,-0.255102910221348,-0.0137520311802695
0.40647109696201,0.0671093996359063,0.143579532733496,0.0636707259545285,0.166369203742081,0.0685903185752051,0.0902543635425194,0.0404726019363075,0.192778311865473
0.0721849459871703,0.107747682166575,0.158801304022928,0.0609784074048466,0.0286941340132428,0.0684810356548036,0.0794465064232732,0.0570946056445409,0.0675120767414085
0.397058937264217,0.155169552153725,0.256639123844249,0.166778999135512,0.0877999523577256,0.144609861153145,0.0818401155758493,0.14495162748666,0.198806186027026
0.227698003553153,-0.0115399901244674,0.196899132447976,0.248064480209275,0.146907952002905,-0.014716456131284,-0.062710169321222,0.613879044364745,0.10357557986807
0.0969921001427177,-0.0247662096171857,0.48873760128674,0.00156894902944027,0.275228776355116,0.0642311125559531,0.0572244933216343,-0.0310450119431864,0.119645314382851
0.0860049632323591,-0.0181828026092135,0.291735363050685,0.0580506531630608,0.311420019264645,0.0172310148323424,0.315542076752394,0.041039390766078,0.0145654143303993
0.328032862935751,0.0242335194147657,0.21353108779458,0.243904648782788,0.152567749832831,0.225579099611545,0.257845502096868,0.0543170855604672,0.181912021435575
-0.00323201975868729,0.0519324449246349,0.399938015751163,0.060872128993894,0.250064463362222,0.0644557921634841,0.140701158898035,0.0971927831023892,0.0414341101045634
0.245578445096869,0.245726055338577,0.13695995957099,0.317937031700082,0.161915860855631,0.20339086630482,0.13310628156221,0.212843723395362,0.079122539257007
0.283495469222731,0.0138332946252726,0.275108072543733,0.163034332842778,0.352750014974044,-0.0225689711892008,0.0908033443316843,-0.0203900288071045,0.0991660410219385
0.288999962743056,0.189793972044168,0.154044461372024,0.218992515096919,0.0638421093181359,0.125841571142905,0.249413720721798,0.0833702119323587,0.272298856737901
0.261933558841653,-0.0576926022120084,0.0306713406783286,0.234133955199695,0.185042300690572,0.0155681888757616,0.0553186586022468,0.340920656158766,0.0653620078920805
0.120552696270115,0.0577863465186222,0.188886981684197,0.157215874498156,0.273181396291634,-0.0510886118045334,0.131653683262877,0.0517315031091957,0.161131799805004
0.48182031911785,-0.00199254908690622,0.0505079098833728,0.0263251793675586,0.0425944116566893,0.0916987280229589,-0.0179720517544007,0.0848718749621039,0.049289060159366
0.0502274593253243,0.17998933930367,-0.0440523540579547,0.0842651036027064,0.0644028225439278,-0.0483843671830428,0.0517782292223557,0.0320652946394449,0.0713932705774083
0.179632330769736,0.0543754977020446,0.109949829349205,0.26347969923566,0.274819279735728,0.0718109679436947,0.283407988090211,0.102825982184629,0.183801031298438
0.050217005880003,0.0127829219508259,0.18347504861096,0.135119492024334,0.130948907780882,0.0249563963081241,0.199347766528543,0.194856190456826,0.157985326501227
0.0636457699772819,-0.0128738900053774,0.134927973737947,0.109689692181999,0.280925266880601,-0.0666693386338926,0.292406584792912,0.0512309069704362,0.0473599846241063
0.323312780231541,0.113132352619604,0.248779783771996,0.182449110663275,0.300970228130151,0.0689369311684998,0.147178821366038,0.147560270309785,0.110165356927971
-0.00861673563014525,-0.0189005762433538,0.325321068703616,-0.121564978270201,0.466761550061154,-0.0777883583121457,0.463053702720397,-0.0547188445498636,0.0859903941756164
0.431927661850609,0.282040514839837,0.162689714312594,-0.00687415557573334,0.0333331315644309,0.131854702838067,0.0691580678040665,0.107010120150858,0.0940818852693445
0.196645107482337,0.0511443138598969,0.245067103019302,0.0728695683354717,0.245454414528637,0.141427513770409,0.192600500955356,0.213045648407842,0.0317503545236912
0.525199241286872,0.0309271075373137,0.182828282815351,0.0765686691407407,0.198475493076833,0.08877265177738,0.144280667758759,0.0324660124298221,0.269231379971861
0.141265010031067,0.0457594885557637,0.222258311362314,0.0820244893685882,0.440999887834164,0.0594799918967186,0.175475790411368,0.125417278482022,0.0104444819278314
0.232776863992044,0.369093222609449,0.0814975753930863,0.059277246080732,0.129671414593295,-0.0367169104740551,0.0597135788025642,-0.0307939617835163,0.175398177852793
0.276601083904473,0.127068693466721,0.19287740609578,0.237200406393441,0.139748207306457,0.247586916132214,0.195810096412786,0.187999722074624,0.174981362046299
0.0483608140018206,0.0451674582223579,0.104177957375635,0.135940073199625,-0.0180022454353892,0.073631440616799,0.104559680515627,0.0186314514836687,0.0684867942587584
0.208659079939947,0.0679502200036714,0.149376879483072,0.223549937549503,0.311612477365742,0.0654306254345985,0.155899844283799,0.123984646227071,0.136089336446566
0.227674956158896,0.0519847325700466,0.138720772555894,0.219711856336703,0.220551166162276,0.187466274674921,0.156867321324938,0.168287972117874,0.21275856470614
0.294969342450141,0.181556790729171,0.117998587596098,0.142161187840388,0.467097102537721,0.142239049471392,0.168058402308691,0.19722935727555,0.157246550335955
0.0623484547658295,-0.00985845036448442,0.142954886165991,-0.0132196064411455,0.451665162748172,0.240574510930031,0.468171547173161,0.192064011257206,-0.00097158438172473
0.260695418745865,-0.0967224669400198,0.226387270321238,0.160361100348605,0.289368643629567,0.155048162573498,0.216781447771084,0.0927062242670025,0.127397868951336
-0.0787535862747129,0.0701513704604613,0.386525150654386,0.0785008070924836,0.279864877709767,0.141439495944055,0.177901631622702,0.0872229644803447,0.148463261762434
0.271072826475391,0.129698457500081,0.326105316258646,0.192253744511161,0.217408903332574,0.208693134896498,0.0983828159317119,0.163732806183602,0.380583059311873
-0.021208269057866,0.0268210595057778,0.27094994014299,-0.0155443380791155,0.233952332309083,0.0177813219566554,0.181530115292,0.131543036139223,0.00675736040050617
0.145440831692082,0.0612979273509802,0.28058367798713,0.0728683675340746,0.31045667323046,-0.0521489988378442,0.234492943954977,0.0632177550338055,0.0473382673745116
0.343608133440183,0.196313876183684,0.2213762727703,0.268295208165242,0.245313754185019,0.0641269942170102,0.15172399092442,0.133059442591048,0.137772738392623
-0.0453809599090325,0.0387976312535503,0.26056562640601,-0.0359814860882776,0.483492864988625,0.0523392718942786,0.0184757003683813,-0.0291634986225679,-0.00243856500843483
0.324116607034374,0.2011122846271,0.0779670402695622,0.0237317667311364,0.127168233010389,0.0206046396863563,0.0665716041262636,0.010047877923808,0.0743280171052522
0.275579125651671,0.118413913958878,0.204387256937768,0.205626685199182,0.118457049507244,0.0604705977123056,0.144216058639093,0.0347655272045012,0.166287163961501
0.0988242393357101,0.0683343062012285,0.248504818217883,0.100767955548966,0.0378407748266099,0.289603614476536,0.126152568777389,0.0166733232619419,0.100599209699495
0.241363942022403,0.000744854580409646,0.286763788635966,0.0478152978035975,0.0748167608513037,0.107747913605976,0.0861288169738081,0.00300615161412016,0.136945193579867
0.0281909149568414,0.0265276513220743,0.214075508086064,0.271503073425727,0.22608698358777,0.250833377629307,0.213512126738564,-0.0157870600294012,0.0650997453894974
0.61074900065547,0.0258854443761675,0.0352490301134665,-0.0478512821455412,-0.0106418832848927,-0.00653238934286217,0.0192308944579311,0.0384823483868233,0.0255372081435781
0.246620502803379,0.0689714636577596,0.184624984564801,0.2055769384206,0.176953256382977,0.0858531037906242,0.147787620503047,-0.0132058938494859,0.20839304070653
0.147719492978637,0.124487067133203,0.121192336855709,0.131941915719133,0.18402519618636,0.114313333631759,0.0717112071272043,0.0748264641904422,0.0858339446958262
0.107071015790035,0.0760026361926976,0.18126028117269,0.32287223986235,0.231964746779333,0.151628628387459,0.194617839260291,0.0590531904335931,0.0411186841749124
0.308688242824515,0.185465692748439,0.103737506914471,0.173840487993234,0.310977444774628,0.0158041472565807,0.226365896901549,-0.0312186336786643,0.0964808754241602
-0.098486285158298,0.62656670640636,0.138589990650702,-0.0951037425715556,-0.0670005546538316,0.0784364166853451,0.0923852088706235,0.0855705220078792,0.12202675590471
0.107225125812584,0.00383816787982417,0.145613779358549,0.196968103407177,0.141048233278334,-0.0279437765316985,0.189168117983322,0.238603848400245,0.131944841208352
0.0049753907117897,-0.0231327428463473,0.176710869119766,-0.0411864836661441,0.572313735992654,0.0806511420970315,0.202593391086677,-0.0478084181443257,0.0849336327277703
0.0764790896990498,0.229876092809418,0.126853319559361,0.0354635840301863,0.10475172701914,0.0484319218030534,0.0731845364309977,0.0665371378074062,0.155970318893169
0.249385979210462,0.218344914273069,0.14973191902918,0.249920836084801,0.0720852652439594,0.113153239027562,0.152664000685705,0.0890840864555952,0.166687001344107
0.195451562553148,0.0749290696067633,0.105216067656137,0.111007976097227,0.439668362542335,0.0876022221278455,0.219692650582026,0.111847456386962,0.0671434958956825
0.123285163802739,0.109830698401435,0.122840894991788,0.192611113224742,0.387467757085783,0.314251233477346,0.200786598752764,0.0285547634675921,0.0142272478899257
0.344375496852457,0.0547324263602138,0.197151101426028,0.140468159697116,0.182592332500902,0.167542494819543,0.170412755251539,0.147803201867595,0.175674429107879
0.14562216526964,0.0800261544301295,0.226712315374085,0.00545784745077555,0.130487014731596,0.16487353508773,0.159913209684889,0.0287296306258932,0.168264193651205
0.118476143605634,0.0781743531658432,0.238827574478013,0.197094107534437,0.161033534610748,0.245498678259698,0.201856808341984,0.0524299090305739,0.159279520960982
0.540303634254899,-0.0321806251016526,0.185400776595003,0.128948604582319,0.136656021756243,0.0346427626069669,0.0674196826261557,0.178059189038462,0.109700949599225
0.0268341189855968,-0.029984265253642,0.090621142964733,0.0721757199106638,0.218254547133179,0.0270940090748461,0.118678316784346,0.043048871495983,0.0285738697241214
0.165057064349303,0.192532186672166,0.174468439535813,0.191341259339231,0.14623852803651,0.137003199355693,0.158177455714403,0.217327673915763,0.15428215910385
0.336044646040857,-0.00799435598289511,0.162393707706502,0.137741271238175,0.227390151672852,0.0919481507128211,0.119438184499382,0.0991183090837607,0.0915982088016472
0.235782725160678,0.0216991232527587,0.00544823825473148,0.0541605874672585,0.138160997696327,0.0843583064705026,0.549073410705372,0.00674993574251623,0.075499669243304
0.0958215704986634,0.0309875037196368,0.152044664256169,0.125993742865562,0.0730699975460823,0.0594827102114361,-0.0718281570427619,0.621465954734313,0.157409942712254
0.172132432898147,0.141813775714983,0.203624957433369,0.202699192501217,0.402161887227817,0.0560952020287274,0.174505236735598,0.237170538305158,0.183224925977328
0.537726013488479,0.0276814985657183,0.0770944650898977,0.110594733482019,0.124336902294454,0.195337105973289,0.0778900574108407,-0.00593774642274176,0.0565129035634321
0.51231990756598,0.123129980616983,0.0572484429483572,0.113801159663447,-0.026498075563724,0.235870599118808,0.0520020411000176,0.000955048275106084,0.133658008055431
0.103026282087095,-0.0576525306898062,0.155755678854698,0.0421194858177006,0.331275739806547,0.029740280770421,0.200272991200315,0.138395269422402,0.183451861203954
0.347549902061482,-0.0115203631264232,0.0944228352081361,0.0562933209899231,0.0848566775469212,0.204344199323185,0.0417068901025612,0.0488144581254937,0.150186266660042
0.250393111330814,0.0791313317437771,0.142459667455679,0.118992262536989,0.129146764823811,0.157004842596209,0.0422492212102337,0.194202065031384,0.177386724275998
0.117488671853346,-0.0837647003719553,0.292671437315616,0.179451310527099,0.26694652720826,-0.041753421493248,0.118496282898737,0.135248100919276,0.0863887974073902
0.198234681070828,-0.0605822196905382,0.0959945837461089,0.139114719967648,0.205172232396822,0.0515150960046904,0.296597823855651,0.073597491222645,0.14485125235918
0.249160848898341,0.2791287776795,0.124012188164859,0.140818087873547,0.277553865627844,0.104948783811285,0.273015301043754,0.0371540195807848,0.0492391407803756
0.102544917144033,-0.0824996006200788,0.156423845303169,0.195371943175149,0.375125764224865,-0.0090190452438901,0.0885966022275,0.16701018098455,0.0327221252236755
0.357724523693505,-0.0277168162540976,0.141603893329799,0.0558574183844675,0.0893861388145231,0.0738868002261908,0.123628530370723,0.191727962165368,0.0768692416968338
0.175195575543883,0.186120877948544,0.432284955696184,0.170227393922813,0.113184170392363,0.136781334691609,0.131812828158508,0.173046693118835,0.215844541002762
0.180920947513428,-0.0113943402938833,0.23485855082663,0.127995682072672,0.185202193617742,0.0505107805660433,0.21530367890175,0.0823296205088592,0.240588810509837
0.227550754203713,0.166971832970136,0.156031992888568,0.244381502891803,0.307084965887799,0.0021844288149537,0.255428969651713,0.126427876377359,0.146802587044666
-0.0607774956629716,-0.065243246821558,0.154706326812294,0.0460748741070803,0.597834764329062,0.0974476878209181,0.178998097385398,0.0356381197593319,-0.0402040601031719
0.0518198177299046,0.111199220512895,0.4690686215504,0.122100079472343,0.342259933038403,0.00405723776535066,0.104824378482361,-0.07051442724992,0.16338049946892
0.175439002295541,0.016995018885245,0.292082092107943,0.0449354016943385,0.179678792326888,0.143764097264538,0.0623026857686919,0.24153867664765,-0.0224143056659084
0.118437479857727,-0.0356846899138763,0.269293616047055,0.17842058205279,0.378193829396602,0.0396954802494323,0.213359179662316,0.12659253530346,0.125271968073589
-0.0324379456941125,0.0343994629599979,0.446986086912712,0.00709586553852379,0.0648913729618281,0.16740179030209,0.101681379411868,-0.112556502677201,0.102610626403369
0.033524038124127,0.0220415585475345,0.616869999454316,0.034482887073657,-0.00705355388827524,-0.0014648537174078,-0.0112005138950248,0.00753860895809484,-0.0285682448767644
0.211768861465557,0.00337068043282844,0.199109695778831,0.0292878952829445,0.267955998067426,0.0625074260364166,0.215055219437857,0.13527510397908,0.165304659019407
0.222515182137214,0.0666202007384588,0.300826701691558,0.166913015797484,0.348255233067948,0.161149734269295,0.255804249043085,0.139976080757662,0.0546436618766697
0.395208543708912,-0.0516624894782753,0.202610693327117,-0.00615389507534962,0.0970943308182875,0.0217831477020186,0.147621767171203,0.290443885922394,0.0687203109195264
0.124319512083728,0.213076901159478,0.205982068558149,0.0723268878921501,0.173451801740703,0.14497143516429,0.144600033760932,0.064610397492044,0.126219995921321
0.00881683807660048,0.178522282835628,0.00322114298363224,0.416287592259745,0.0199313855257463,0.0283879357554168,0.00453183715130498,0.0274688843271908,-0.0442717290653169
0.367984158392454,-0.213167440987919,0.467054674923564,0.0685137963526313,0.441627191518288,0.0269894658248303,0.26858555466094,0.0380851456910162,0.0345025914826689
0.0920861406726562,0.0175886166696777,0.205202580864849,0.239663758449635,0.204028843625932,0.146426407532025,0.175582020673732,0.335236708654407,0.0859914114301206
0.226927796397524,-0.0857694491437308,0.132306021154691,0.0732800312848921,0.0853773617493277,0.0415703644191785,0.173612567153386,0.139219921914081,0.0886253871696675
-0.105228951986207,0.0991836585247514,-0.0414743940925553,-0.0177473386904483,-0.0126468944081157,-0.123985867508511,-0.0552120829777459,-0.0685268226035132,0.0453122767222118
0.30165969132476,0.0814994432466392,0.22155035956073,0.285187896213528,0.304722068085413,0.162586118315982,0.100334308553234,0.171193434742116,0.244247982353617
0.0740717701183107,0.236255932061952,0.250701661163861,0.00262904894086441,0.243040816804302,0.102466617942601,0.103897046215696,0.181572660263727,0.0333901221824692
-0.00200317215150398,0.0403650797090958,0.115040400258172,0.0949131387771005,0.336546943226174,0.11211339078192,0.316663826152803,0.0799743750223185,0.0435362568128138
0.221167061521759,0.0698784492331288,0.167242698181196,0.153794470862217,0.212970343845105,0.123132140293134,0.156793471769422,0.102234612211609,0.185849874363471
0.182229126598445,0.118864638694545,0.171500824002923,0.128467323426291,0.265303602849084,0.11464730600472,0.182900394811059,0.288166806644663,0.125503765358284
0.380613571323391,0.130926378404843,0.151170344993531,0.116437095945683,0.192270758523766,0.110332992610151,0.0915821518179888,0.190046183096955,0.185010531393517
0.420729318381159,0.064348203491788,0.140795456785113,0.232545111044626,0.212660336706771,0.127524940841446,0.073259241170744,0.127533933684779,0.0956903223568508
-0.00390958135798462,0.300598814679722,0.248342733722761,0.0905409170701636,0.24219534599482,0.168372546031904,0.023928480713068,-0.0214636296959863,0.240139346302922
-0.0102327358894683,0.00698356481484972,0.530998157172487,0.0322294684873452,0.0917171244725501,0.201066109591652,0.00819268044051603,0.000122106182934612,0.102606879501298
0.225115082402379,0.0153725258196483,0.262271741103229,-0.0410383986260566,0.103429832670182,0.173622283010936,0.167306363053954,0.159410344746401,0.188723252434276
0.0555101042651327,0.220814511593896,0.387235234791389,0.0458742306980723,0.198742776465042,-0.0462772966981618,0.129941978016446,-0.0192882838535265,0.0795981409346007
0.0641140200642612,0.0962365759783283,0.053879030373522,0.112723093813034,0.625632001096511,-0.0505200661234568,0.116586739244738,-0.0423582825133604,0.102293330120533
0.202150602736595,0.103471123341867,0.138324170405237,0.205459255750385,0.411723596061724,0.0620170092773064,0.152732595476373,0.137982761090144,0.0890597261622663
0.0952522416069962,0.137312816825891,0.192555179775196,0.11942361905686,0.222109837616089,0.162747279739713,0.148792989538413,0.107865958938718,0.0484694612181571
0.281651808368405,-0.0493716304941338,0.073807360651084,0.0983020586582398,0.293597034285924,0.0648263925353581,0.321522116446111,0.038293164317728,0.010139712980883
-0.00991578258882812,-0.0264668509403015,0.346907890556391,0.0199249234563057,-0.0250381991467357,0.103431181203715,0.0861161414462309,0.148519868950517,-0.0229029463332009
0.118332668866554,0.0822217818880101,0.163113642366031,0.0911620108387573,0.426306916100148,0.0403621833727352,0.215615469343626,0.0928796136035627,0.0459219384894004
0.105765110301118,0.0940196607380565,0.205220751019943,0.0812930471350914,0.417080596454186,0.178102525891465,0.290948498391153,-0.100710849547525,0.0254989262127429
0.288631509229155,0.0172644743510411,0.368589968836622,-0.0154580027083407,0.307142124283205,0.0872416538591971,0.294778978762544,0.0700004257920998,0.0203530619297512
0.0212679229695745,-0.0707521675940891,0.178638039254613,0.32439218058409,0.00450174503110354,0.153508192420707,0.00811084492095789,-0.0974435879199398,0.0440179101553947
0.301278751207884,0.117683556721094,0.239688246346701,0.162559273982102,0.0962863080058406,0.170178065287805,0.159545776528846,0.13591446574344,0.225534125079554
0.191425407945296,0.0817771910352373,0.146980797803779,0.069270030277676,0.199181387527319,0.110273896310343,0.115199005759129,0.122691130497032,-0.00821050729415288
0.487821016977873,0.0461294823991637,0.0464124442946732,0.019769803069739,0.119358107037007,-0.0961585335012412,-0.00201241498158516,-0.0784515058517499,0.030313533848183
0.20632720717866,0.0822808730948389,0.229013777291953,0.147754681960652,0.341269513580442,0.060654503422562,0.219805886186117,0.0118956682234222,0.147616722282881
0.0335240291722642,0.022041552882991,0.616870006956883,0.0344828622834417,-0.00705355771708775,-0.00146484710416747,-0.011200512220286,0.00753860614559434,-0.0285682443268602
0.0382235158990936,-0.0508466807461616,0.490301268132314,0.0505680458408647,0.294190515525916,0.187304866234007,0.0463655939318707,0.00200778170476691,0.0365392063633959
0.606752401763455,-0.0179155974735392,0.145062148878801,-0.098604173727442,-0.117051052216476,0.0698648614337092,0.100477544208009,0.110224813615314,0.138479931103031
0.232313095614733,0.0827630840156974,0.258948805645043,0.311056213334139,0.190894722599102,0.09943502312566,0.136199873837423,0.0419603557938058,0.237501798519675
0.316647374064595,-0.0469950915895454,0.147811768551317,0.22778183734133,0.132166935399017,0.110133714253673,0.150077108189948,0.215371789767694,0.0794763585542421
0.125048092426468,0.146742130766242,0.164906494993766,0.456119718183358,0.15145502424924,0.131854883619369,0.174520927557006,0.196967482601368,0.121301520244002
0.193387377287181,0.206160359400043,0.133905912609024,0.176415732596276,0.127145439890374,-0.033481075850119,0.212007602253784,0.0756236273297414,0.178240416321078
0.0881287372585029,-0.0230350602694911,0.377400357103811,0.0412489678056587,0.314686178462485,0.172137859739157,0.211795193092583,0.126617745187229,-0.0208098232495573
0.0490673835630967,0.0807894497308128,0.0933122528615908,0.102755272461749,0.140113908463816,0.0763515408529483,0.113714308712716,0.150177080880903,-0.0119620229798269
0.118376136226687,-0.0584143322758976,0.229728748335802,0.0962824272740581,0.35383932338053,0.0772450368448813,0.125551322133113,0.188231647757442,0.0213172105971034
0.380600051597802,-0.0892270862984907,0.160405659451946,0.141200386444811,0.20271494563926,0.0355566619959095,0.0976151538375753,0.0660157316639742,0.23492881570928
0.175972873330251,0.169706981272686,0.170330052384055,0.193917331104857,0.150412116209953,0.1515791938456,0.192141273310456,0.12245839321851,0.225528709609151
0.197532877606821,0.0853367320538253,0.276285051026131,0.170411270577135,0.133373763197505,0.229487030737391,0.100508068172991,0.0304853606976933,0.0588569626738638
-0.106122052178028,0.166188033780879,0.105931711432505,0.000514357997262641,0.460248243611632,0.109094016105065,0.237631797707284,0.0416719533521315,-0.00655696999014163
0.120469045475493,0.100351430056874,0.0928547072811749,0.0964548153274157,0.241698945940248,0.0558626384087106,-0.029198277915301,0.188489758696504,0.168961701612697
-0.0125464497028882,0.111557771302092,0.0542034056130379,0.10562491922405,0.445831291271211,-0.0338828093405577,-0.0306115906556472,0.0185071231650571,0.0922280000042494
0.17469055003843,0.260189143574791,0.131457750675947,0.109865648857747,-0.0299659664337072,0.01390891454661,0.104461702949812,0.319464938564243,-0.0214492692868825
0.33184601628232,0.164579514130359,0.251593821637163,0.342166820536357,0.26623079229427,0.146341923503207,0.228401367955335,0.094719503187423,0.146608251292783
0.118258097175525,0.24663087061006,0.263394821209891,0.187389000208966,0.23467877570695,0.424009946294926,0.237877441762264,0.022253080167218,0.00525229555185598
0.14130799703068,0.0907480832352152,0.597233897458189,-0.0707672047107857,0.0931133110523573,0.0390270866205506,0.0373594495561275,-0.0349249032934264,-0.00757039142173327
0.106280448841014,0.0467261503449681,-0.00318249436330785,0.430481232461187,0.229301660919162,0.104624117518971,0.0871636023804549,0.0309708915750491,0.269626426699425
0.119111014557639,0.0372425715228225,0.256209600451102,0.166676518773378,0.363429014436654,0.00398873822551459,0.184185570104584,0.142147123020666,0.128200130690474
0.287421827194775,0.201411733133215,0.190831666836874,0.313976628580694,0.359666860576162,0.0947699945839763,0.162706227177062,0.274233516033921,0.0941569941623406
0.177606749818978,0.158317688838967,0.184713506817684,0.245225409653283,0.346209853317145,0.0591423700853634,0.123513735370768,0.199002552072752,0.168151939192623
0.0106548748028767,0.120185718589863,0.276557446497688,0.172116885451557,0.445012035863902,0.15908696969959,0.333261919091342,0.152086825348304,0.0812405456997311
0.41729086120862,-0.0586219798917972,0.131947417762256,-0.0997470422362677,0.0444026848729891,0.0848643525788658,0.0960111991028534,0.0199429513309425,0.0320379680991606
-0.0331941592303199,0.194177432696834,0.427831816439153,0.086147204395846,-0.0402364545288099,0.0450084183388684,0.0814379111731919,-0.144415281086374,0.089911721388033
0.170370262035551,0.0553604423607319,0.182693984926118,0.15687927738063,0.111784032596167,0.187707661368854,0.174262556023479,0.100227527410936,0.0771888770559461
0.24638642111777,0.118833801342122,0.244344536734894,0.253774794235247,0.167515744352074,0.165101412176914,0.179192477990693,0.211317917624512,0.206654104652268
0.25691493076946,0.0712099129641856,0.0881238966109274,0.216315841227827,0.268258562679809,0.117433571201395,0.293871557605682,-0.0511761145988718,-0.00274033003578507
-0.0275903450866861,0.01718497426947,0.17062186050684,0.0661839468588794,0.197848230572535,-0.113480232950979,0.261394528670595,0.0536112217755476,0.0142441505770407
-0.0387621915007985,0.0611155364153285,0.408354259874373,0.078856746100798,0.392447882221505,-0.0367670660314254,0.128655827666232,0.0342651395789134,0.0565089986511154
0.0527613169369717,-0.149426354649018,0.408419722449389,-0.0401510190733805,0.334876411948933,0.0804582879341802,0.315828316879843,0.130032793296385,-0.00841961876000172
-0.584735951267482,0.0412827357828588,-0.0714630135759198,-0.0136260840349908,-0.130196351018257,0.176281133996423,-0.0382989643839781,-0.188569622110729,0.0423298697919804
0.290310191530202,0.0119549922045705,0.157737201703115,0.11559015338798,0.0785621662420101,-0.0689148748265819,0.0901940001802836,-0.0248963760270209,0.18941059941802
0.14456502275514,0.0053720780046954,0.228181582249166,0.177993180110633,0.27326342244657,0.27606634071296,0.195734446759544,0.241528194003312,0.144922532279196
0.043749430555305,0.153718461123801,0.445891365158719,-0.00970505374945991,0.206464621133066,0.162648966729966,0.163197852554824,0.0346100684549082,0.15494643891124
0.145641998376039,-0.00784202424986854,0.227623788690806,0.121386316601113,0.0359405860873016,-0.00746323446346914,0.108919359911897,0.0458019372974292,0.0965432571594422
-0.034008349811359,0.140731677773691,-0.0631560108895298,0.113082599127487,0.213297846432546,-0.0536521213588576,0.00482267013202927,0.227500167415835,-0.147922092241085
0.265645424463172,-0.0169287206428652,0.156732940801962,0.204512999870053,0.142615264729194,0.0825714331865723,0.253276107286323,0.0797829771180833,0.0878478305480422
0.408975423566814,0.0594773815765494,0.306745348101737,0.360274215666325,0.112998626233668,0.162604428084288,0.207507005077306,0.0610646107128256,0.197497611115463
0.20876705317132,0.106219052790681,0.215506668133799,0.229189852691913,0.218085413384241,0.105669673383525,0.119885519841025,0.182766705367462,0.209944574142577
-0.00563068567786424,-0.00764116523297904,-0.00306752297069119,0.0269613987484556,0.0274717338752763,0.614119815723588,-0.00266741729983744,-0.0444597237483836,0.022020107385858
0.0920596172383747,0.318848959494922,0.292909684091052,0.157083973634015,0.350114465907881,0.192982386646335,0.252138897321969,0.134397867970573,0.038780264404644
0.0805441485491278,-0.0651633393088197,0.0839586260334331,0.186806957318181,0.0343576460016531,0.140390957683469,0.250207779583335,0.00213722428295056,0.426294262201606
0.190529884380455,-0.0211092773210969,0.502735652729439,0.0273789845842866,0.0972798402691974,0.274371812026776,0.0651786447354274,-0.105204329974821,0.10226877696871
0.346436039279975,0.135735634715866,0.249308941015007,0.207501552538681,0.380849988507927,0.192561516816384,0.331824103537525,0.0363779536390898,0.154472878017028
0.303344948309006,0.0741094152206084,0.263200361917614,0.0958003183407587,0.184920050812316,0.084764452055324,0.0803297365919741,0.133192446814748,0.272924891401508
0.187318455014492,0.0176529217685452,0.126759132310019,0.332096542913408,0.159093447047276,0.153151326348507,0.2832952470891,0.117034980704391,0.272056473515633
0.238364220498299,0.121853153645925,0.0774712619133833,0.116699582694156,0.13046310444392,0.082241509852269,0.198875174044971,0.106022508182112,0.0573317666650758
0.259410790588599,0.335724377285145,0.363609251755494,0.334894899730363,0.315064266124644,0.241833004929462,0.366704736373922,0.222755031270881,0.357592045767929
0.232734375633008,0.0647247411413337,0.191515545981248,0.105532210421441,0.21412578327912,0.00429947738755373,0.183717556950809,0.122480151070681,0.123240716895535
0.304814060608142,0.140556612849593,0.178795326680694,0.152625189473199,0.153639804222475,0.180375292074546,0.147134472470294,0.0678362161687701,0.229440489519785
0.201602506316939,0.0972945761449608,0.287806626965784,0.119215166971049,0.428606435478145,0.202918469940141,0.225114485643735,0.116243269026358,0.132166336783605
0.0185166924359706,0.0592967766652606,0.126363335246567,0.0165968298701091,0.4159008992183,0.0960526999410955,-0.00346430300456109,0.130964129445294,-0.0367146198684432
0.068449851521326,-0.0624467810946046,0.138365336117628,0.15981606615859,0.377041305172844,-0.0324127622763422,0.136235694087118,0.0550590211193744,0.123695157980772
0.155392005426034,0.0921485115197469,0.439694865256705,0.170665665411332,0.358143244590629,0.0465414416268681,0.127657687180111,0.0046166992265287,0.10098941115696
0.0226557039605112,0.0599338047128696,0.165924110032219,-0.00480072223264971,0.370316694329126,0.135970056686932,0.133623502017985,0.0226287984706478,-0.0682189935900175
0.219105814378206,0.0403357701561954,0.0314053113667791,0.192601738572298,0.299123446035587,0.086655591087641,0.133683425252351,0.211546395825874,-0.0201549200845457
-0.0175009561757498,0.0390213839509002,0.0382980104603198,0.0124951717471748,0.0430370911415479,0.0399700842903915,0.232527194827422,0.157341329826743,0.13519179127787
0.454844706645161,0.0561926265927109,0.16004903892934,0.266017038501694,0.0317655030625638,0.0932454047396301,0.133692115138095,0.111928284972192,0.0889801803114302
0.164527393949296,0.0386679650358367,0.198934064594134,0.0819046845859402,0.294972410154463,-0.0112479239265012,0.157873916685932,0.0151755432872295,0.189705791350833
0.0461420607949108,0.0353469519186853,0.0452157316082812,0.1542506885401,0.548907434666258,0.0712014425708523,0.1332845121782,0.197534306323036,0.0798712943869937
0.183866943537677,0.158028420580242,0.300187529713185,0.187597307094595,0.193545457532414,0.182374813822294,0.0950590873561465,0.13732547148049,0.274009758384851
0.302133281052596,0.0914943845464019,0.174843169048569,0.213087614488388,0.157517200817198,0.25913480899571,0.170833896962001,0.172825221435769,0.191237197026941
0.0150422249016392,-0.000245424739198382,0.617682295355013,0.124860231495271,0.0491400058915475,-0.129444386579307,0.0562799568361766,-0.068879577317196,-0.081380648509704
0.198110359209102,0.14004443403578,0.203191206118388,0.197692474026218,0.230472529378418,0.101676259565722,0.14241432223109,0.136004450132898,0.134684072579625
0.203262955333474,0.138423967002048,0.167317767229879,0.189553439136923,0.224443063632761,0.0595913878188027,0.215635985933995,0.136659851144286,0.050685716660446
0.0471465221972155,0.0194653920690447,0.508885638488792,0.0712695788093324,0.242701677303092,-0.173497776153733,0.302254716199729,-0.0259900794106149,0.0395681081937141
0.224510077437633,0.0898520118052964,0.223672364797477,0.115709202500381,0.181656190405256,0.214353941651028,0.103196374199422,0.174631158137866,0.171907204068972
0.445131080761265,-0.0178180084298574,0.0553078406984349,0.073252973909928,0.120824731530655,0.070644580323364,0.0598411114242614,-0.0157954244156015,0.00711199425757915
0.309083905175619,0.102259143596179,0.175134313063434,0.201775986233028,0.17954978635466,0.184035412308455,0.0984073580474068,0.115108011528221,0.151661292722418
0.0908467119547735,-0.0453807687620364,0.149226633904546,0.101896770498762,0.16051248381833,0.0796930818005735,0.0933520648165292,0.134463406868524,0.153511487739713
0.180875059833369,0.118456779308472,0.0898604287853799,0.135500603505617,0.159095531808569,0.120918107108236,0.130504738176555,0.081154073612902,0.242987005869603
0.0703871218447886,0.0484334625337867,0.256823145164161,0.0841660702527903,0.31597768363091,0.0513541516891479,0.17276335716735,0.093851717807015,0.143854763270051
0.0969744634698226,0.159892291721899,0.227368436693113,0.283490745552949,0.446598968880017,0.149581104320204,0.120691838892169,0.122231321756342,0.219457887299399
0.167335943873222,0.0501972020666457,0.173770655945484,0.18090141943929,0.323258611321576,0.0770782280130919,0.204581820349889,0.193093207706044,0.125975175551675
0.148788102881636,-0.0044316291682529,0.317767797284405,0.0911718305130108,0.0589288604104027,0.0927194296755456,0.0613905258152416,0.20034464943252,0.0793909162316887
0.223251115253246,0.170253274528072,0.449647228302077,0.236892239992907,0.449236051177846,0.190018245635639,0.117305649189026,-0.00829183195520143,0.135295793557091
0.421510461575828,-0.0895134939719235,0.0810521857237178,0.138228897065699,0.102198492253383,0.06013245896067,0.0705018748729339,0.064193518132164,-0.00568261512423578
0.246601126876597,0.031329242042505,0.133900648407424,0.130973993035698,0.257167981553935,0.12583026139837,0.206131573697089,0.18470983892107,0.148178678367991
0.281581186472242,-0.0187467953164774,0.155978100627413,0.178880476755729,0.166483765869496,0.0697162853785107,0.310127070820146,0.0420877281811844,0.0957714518518094
0.194282886854153,0.0590520884245685,0.145475573650534,0.227113168427149,0.132151854724885,0.153039611309535,0.119610999660747,0.247674253823915,0.212420107545877
0.186763868616952,0.0297865739627108,0.231300241000287,0.0909130972498496,0.278935820588977,0.105088321763859,0.256209450007832,0.0960267520845706,0.124315112572785
0.0289292915144324,-0.0178417836099405,0.393463641409142,0.0140989283571812,0.102628025613773,0.250772107077391,0.114740545770527,-0.0838490022851589,0.100660449267912
0.504780908042699,0.0915868193843317,0.108324494926659,0.102021844310269,0.104752853471813,0.0734915940613103,0.0970467113410347,0.0102123657074561,0.113715576611244
0.0849990117207199,0.134663330117424,0.239557257361901,0.147452407063912,0.408749524528199,0.0696347882867771,0.0862761438352533,0.120647219339228,0.0636707338605788
-0.00947983862101238,-0.186921912124543,0.109972435260634,0.0865387991001695,0.055033159333394,0.103937593443799,0.128592578776449,0.0900916334752117,0.125867686983498
0.0280279844066028,0.100313413013841,0.13453325786241,0.173465573741328,0.145722907003362,0.092910012689855,0.17257072055099,-0.00799555868209056,0.178528528291717
0.109685682605831,0.136945297553754,0.177742487265254,0.111729050062384,0.111111872545524,-0.0137715878154838,0.153210589283117,0.0132140942373682,0.179904789676248
0.0703859837695734,0.0552719737741738,0.180122564569272,0.277864009762647,0.154672765612087,-0.000574055882333222,0.106935104049709,-0.0142614643512382,0.105348023325252
0.194907521088098,0.051950001649255,0.174538650442631,0.0444413294246971,0.193836468755692,0.143178348665168,0.153169954957346,0.0326980621109389,0.0163128213702872
0.18704380662527,0.233641809986409,0.462870176819438,0.166067091152401,0.21266609188713,0.0459666039510904,0.150443113030136,0.162801635236806,0.002496108839905
-0.0369651953863256,0.0312934995169206,0.512913983572561,0.0868262538199848,-0.0131198978247437,-0.0361153617635884,0.0675165548748985,-0.0399971984259174,0.0595932283279261
0.0843714937670014,0.11631052421742,0.0688763131201982,0.160847977119982,0.208659699074045,0.0157908466384823,0.161226093995105,0.0726175826712611,0.100326375429556
0.216057053163561,0.0532164675811912,0.0119831249969253,0.221569058621818,0.0868050846064719,0.0520946400237518,0.163891060111323,-0.0517660178522538,0.555185220752294
0.122068061669027,0.0744865839476703,0.108068874435075,0.143363891942289,0.0308187568218585,0.074417101167912,0.0851713162853912,0.0398037358475247,0.0946503478442516
0.314932607900653,-0.0372441049003097,0.178945928314926,0.00984055179686502,0.360911721842025,0.204122899606221,0.184116262022321,0.109202895954611,0.140121069725265
0.214898878253848,0.181119554718532,0.193676289291786,0.15488038334334,0.144714999630705,0.232922081224834,0.224854887471715,0.213231445128243,0.256986141597801
0.225110814190823,0.00196909743956048,0.250039516972304,0.2068014799766,0.324179256123542,0.176875381976427,0.195481880445661,0.157621441749465,0.222794282261189
0.154621118819936,0.060365894410526,0.103454092072797,0.401836303028398,0.0990057655893884,0.369144272683046,0.0984556744933034,0.136610187953835,0.211909088143214
0.0416282343298812,0.0694497050324586,0.239954487939474,0.0382605677072038,0.127581848009246,0.0317380854884668,0.123691389068907,0.016281522501956,0.227334443397892
0.0409923833322989,0.0124846273224344,0.0110266697401212,0.0261440289413561,-0.0328484890178351,-0.0462917411880917,0.00382131259836711,0.609929774223393,0.0398928548699748
-0.119348501427191,-0.0341057107532331,0.468412754004631,-0.0603225555281175,0.207742096781432,0.0301032486438047,0.105695110929802,0.109874996141568,0.0872134068682492
0.120574302112436,0.0397170861274493,0.298162923905086,0.088487186542747,0.378811862939582,0.0472806058703938,0.31415089443062,0.0964186637933651,0.0747404264708256
0.142682892068398,0.0639954071562546,0.358956479828168,0.0937777814076606,0.112785026536646,0.150014341678728,0.0185819792513353,0.166408271871423,0.0840101439480013
0.063416492659738,0.035994080599496,0.409933963260072,0.0813934780002925,0.374534441071109,-0.0162876627191597,0.17386268634689,-0.0680180668526717,0.0488667171173665
0.0496924979302215,0.0453854531795104,0.615238732198681,0.00169683738099208,0.0934637519947693,-0.0550375248172061,0.0480177608869135,0.0924895733333669,-0.128389085769476
0.1519636882244,0.0662362873155963,0.0988325354064777,0.166692249044252,0.353648724612162,0.00678537226104028,0.105601809160057,0.0778844044770961,0.182490940058866
0.0696630847194483,-0.0544801106062378,0.0924392868285413,0.0831488325362339,0.0661247477696561,-0.0428860745219226,-0.0249786097207016,-0.00746384922743593,0.124457728293427
0.265190708830454,-0.0539250927123753,0.210756859016483,0.184375977675975,0.11783731301682,0.0723179974125306,0.0991122781265452,0.13717292029351,0.144125349397212
0.0418605770769805,-0.0289055812897833,0.102962271490312,0.241492212488149,-0.0205116957612817,-0.018899838063582,0.0713244505261212,0.263816199983159,0.0612826983849492
0.454853661988783,0.127573087019961,0.201173685933386,0.0246859921557895,0.050008155643794,-0.0295163639601783,0.121651101455292,0.0620974476152464,0.15084463468407
0.0368801462968626,0.00928166515746632,0.10386511122913,0.108752138567648,0.105486570261236,0.00077043359413106,0.106713917741082,0.11843627194473,0.124567444737548
0.333474013891879,-0.100771385619731,0.296708726532983,0.167538060032024,0.344259886362752,0.181292944679059,0.174454071588282,0.00495493307269165,0.119559143688957
0.242795957228075,0.179218691005212,0.332186747016171,0.132841442898801,0.174710894318609,0.119647526065423,0.182796402635051,0.0922399738535224,0.157889994896767
0.296964940700896,0.0793459091922297,0.0823497665885881,0.165879678925595,0.14144263250973,0.103486668737769,0.00143300106492749,0.0988320299515244,0.00941607972095542
0.129539037662302,0.211362333814108,0.173467237128025,0.244558855446501,0.174518988986114,-0.0092386279545405,0.179907325372138,-0.015394679287562,0.0616747246151613
0.220939820032887,0.238153059612272,0.190228241696383,0.332756741966641,0.126392738822694,-0.00423979466624351,0.0863114882043404,0.00527727739741627,0.198727936602061
0.150517275309793,-0.0208667414004576,0.0749939122212939,0.126624013849637,0.17436167891607,0.172808645529854,0.00108644511083406,0.418669889050257,0.0932451529147366
-0.0038378423665802,0.0429349639914902,0.524259669804534,0.0087257618505967,0.204284943310575,0.00718304173432122,-0.0155089743015404,0.0436410895911376,-0.0904112759547132
0.125242675017224,-0.028364968801418,0.0664083088681783,0.035323301458003,0.27622619843138,-0.0916394545655282,0.0800846649313484,0.105662270568034,0.0740296856468187
0.041032560754924,0.0491111525523704,0.135519815196447,0.062440964874662,-0.0218471284025057,-0.105130141857224,0.15198623111947,-0.0749614919599527,0.0339803831374651
0.0218240406772383,0.00975459457337362,0.29062327918043,0.128691199452653,0.0284049628262703,-0.00613068821812164,-0.0700262742636931,0.0128479700123905,0.0902342382490799
0.234068700667319,0.126008431856878,0.279152648039287,0.192773252982621,0.171540007916656,0.153776106215829,0.18919961176641,0.175428758472134,0.12502184681664
0.284366101650936,0.181212350761907,0.206578141474481,0.160304909679032,0.15550080670074,0.194762482593769,0.0649686686800601,0.140682084798208,0.186758199629092
0.219154089649599,0.125603542545643,0.245799525627201,0.171241707542476,0.278426102591375,0.153265346559746,0.197513926659421,0.0529120531028608,0.0622769186393573
0.163716677157671,0.0379183732411326,0.154871204817813,0.105136052221859,0.488322717414244,-0.0516966078250945,0.0501884081850057,0.0582690425288736,0.0693147254325191
0.559298906947083,-0.000897491559401079,0.0425689394962914,-0.188126608488102,-0.123555110163102,0.0162328052713341,0.225353653457725,0.0992549980583269,0.209407622240016
0.0920753460890334,0.161593822329503,0.228378001470928,0.0941954946086484,0.368562807381315,0.0979286939845759,0.22828879981785,0.0206392380188085,0.10880181563276
0.0203411380261895,0.0141141830438517,-0.0282073451555004,0.0417302643753289,0.0235949516284423,0.0225393478258478,0.00567831085194342,0.0414833043044599,0.613654021524343
0.142638564363548,0.0115587183200047,0.0778195732825608,-0.122068020545391,0.249574698251346,0.0422065834853186,0.418000943320509,-0.0648909694553453,0.15937055856157
0.330531414820366,0.033348110790447,0.241038677627824,0.164574691818103,0.220680260432461,0.1462505234414,0.324874225108026,0.11185520118593,0.0504537523877084
0.28942115668483,0.173025686345537,0.142828123926125,0.148678973188414,0.143110460260948,0.194403032827021,0.163787297894357,0.186990449661341,0.238754881747407
0.213217040699782,0.0275218878206856,0.0825512034566609,0.124737511640508,0.127979391989514,0.126585285549068,0.126737395467158,0.089814125804633,0.0904538080784512
0.277143631280043,0.0201576650424998,0.146637043140407,0.187117343606526,0.262524725234903,0.0298935139776448,0.236883290030858,-0.061765372771062,0.347409499167409
0.341223289833073,-0.116567518534917,0.459407033865139,0.129736417676532,0.475271071913151,0.119945134775906,0.0490429357276356,0.104499070383089,0.0821357253053619
0.33110787589923,-0.0261163003100482,0.42775951405558,-0.0281710822918339,0.365431742510916,-0.0218409193283365,-0.0324963879738797,0.0473748557592386,0.113965581190013
0.262795496454792,0.101728177675882,0.208959315973548,0.185281426586581,0.329232038794536,0.168485698860803,0.10356775697238,0.209744625059687,0.141951021934938
0.0799361210625672,-0.00339858037679917,0.20541871525349,0.0781281376866894,0.226214183030993,0.161060323651976,0.315907537365441,0.0850513080210458,0.0854671324514466
0.109079738237234,0.0592462145069527,0.199708502916968,0.0722867259511748,0.258433156675987,-0.0766841446862653,0.185643255460704,-0.0113255940584028,0.1745229541152
0.24261820856953,-0.013421877359186,0.355389606783668,-0.0168344532185195,0.338625051235065,0.0737402976759766,0.10343974565526,-0.0100075987124781,0.0945395917500699
0.135454849628005,0.0901946012142244,0.122802605129223,0.0815913651414073,0.21847112050726,0.0465651520220632,0.114192246240028,0.101092589185353,0.10812463721464
0.459036623945184,0.0195857813067384,0.250267956139122,0.0609978546309334,0.368958835900019,0.461096815356296,0.378464485202378,0.11077649909961,-0.104625010524349
0.10313712053867,-0.0835886002597768,0.165087619057824,0.149427129478151,0.42667090387249,-0.02414118635662,0.194774840884383,-0.0425294947744767,0.203989549061152
0.200906750105333,0.105077868282653,0.112744964252309,0.228671352135084,0.206751623544559,0.150253624518106,0.141647092835639,0.19393962652709,0.12075519027445
0.290768729398225,0.0322732979028165,0.317192332330417,-0.0214782448653102,0.235169514910846,0.0739971529441854,0.113783408326416,0.0544114811689577,0.133022815107319
0.157684051306425,0.108487321633359,0.310586146477522,0.14298891071212,0.257749811087527,0.126073494615745,0.144583694417539,0.137020867392548,0.160852671797787
0.129977647285722,0.216721461835999,0.169436941142364,0.28321001603058,0.181084058707872,0.0630241729347461,0.163448457972198,0.0914988436871269,0.104305444722632
0.269223245147137,0.0649386826983622,0.24999115963177,0.160380931443952,0.0931629936864783,0.158529767239219,0.167331663791441,0.142934316237618,0.137899006487847
0.254639831085003,0.0610512452270087,0.174922833602861,0.120202571626165,0.22243676815718,0.103673746683944,0.106503003875757,0.0796412720216356,0.169578638333706
0.0396965799279194,0.0688121872716853,0.315128164723305,0.0365089776008385,0.499837968127114,0.038893834599344,0.178907967053874,0.112121527039595,0.117759890970846
0.0232457544724323,0.165459013910275,0.0551452912190009,0.130841954425237,0.0442081824231462,0.0660519760774674,0.0459619690673339,0.0450991642316055,0.064822756731986
0.375292866957729,0.467248908858681,0.318018747236798,0.0211547576165922,0.00474350648637593,0.134698711534566,0.0354664786101905,0.165670988106473,0.163239332406985
0.24521077004459,0.131505989512133,0.14727805842065,0.177485575550844,0.170492779184004,0.0498351479469027,0.104167483027121,0.111150016407671,0.173519501576415
0.184646381956628,-0.000312680421656693,0.211848653722772,0.108459738547175,0.346878374535916,0.0672210106480493,0.178906634835305,0.152687724879652,0.111904421903694
-0.0158052309931899,0.117012698842374,0.44052646045891,0.0439974011930843,0.294577251222462,0.0766994363935192,0.411604248442461,0.0272595618848958,-0.0195697462653854
0.610749012231367,0.0258854501242151,0.035249047529176,-0.0478513039650931,-0.0106418979088926,-0.00653239779663885,0.0192309168766661,0.0384823557787287,0.0255372302925767
0.0814582805414098,-0.0211056583413849,0.111507385351419,0.0558255878417105,0.229314002192602,-0.115637491853652,0.0745470636951176,0.0599629746448102,0.107444149047679
0.145660768803816,0.228157072889983,0.156323325044855,0.145100184139763,0.211931587491917,0.136863668692647,0.120669544848522,0.191758024579583,0.0749519666592101
0.185171003199263,0.153562819606894,0.240721726758931,0.231705262129621,0.123006011321073,0.0350928677178386,0.142432197071859,0.047011049806865,0.169797135965324
0.157143255735712,-0.0394918242941829,0.220260293269577,0.092058775664406,0.314109614032548,-0.00279906495204727,0.264123754468731,0.0793645499885152,0.0582185385591906
0.146355857610863,0.111077121836738,0.12349075289607,0.205473498993678,0.173901727920424,0.113444700452135,0.190357994184709,0.154341019052594,0.16812461794438
0.0190774781914034,0.0238346721642857,0.16118009736648,0.0621338826558219,0.159105968837269,0.101214853897788,0.105067868079299,0.0800768819318219,0.141181600091602
0.237128145868776,0.103520461782595,0.208413474114588,0.234590963053308,0.133711875656297,0.226935042995216,0.154517938557164,0.221092731246767,0.233752037759939
0.257741974825864,0.023264594671139,0.202493176741813,0.265278580191234,0.312951791702368,-0.0210263011392575,0.175332952003351,0.150859950548876,0.0813565397024466
0.125384497372212,0.0836399146890099,0.657523182796142,-0.0760360285601182,0.106171730023625,0.00407580755398509,0.135456289869482,-0.0168457612493338,-0.0312698539348873
0.209134968920784,0.190550476084798,0.213742459287637,0.226196942026846,0.473007013943541,0.0399783940376206,0.141960456812058,0.19137097222765,0.025529213699713
0.468818499877876,0.0351187896667468,0.148674621386653,0.102924987153663,0.168402793697306,0.124846720543363,0.242651325491887,-0.0318851358077346,0.077131264336815
-0.059383100328979,0.0295448543907013,0.296718072589548,0.00833623887546885,0.19368638440455,0.153773920531449,0.203545470357421,0.0718023997243149,0.0546143582743277
0.152303979513759,0.0231098954647545,0.152202628035536,0.161765732066152,0.229746385539372,0.0417053669902196,0.200333829690918,0.085612437525088,0.110753390891605
-0.0445932336171422,0.0642245805067391,0.260907439289634,0.0913176094925494,0.219302271688131,0.284987556254008,0.0535539488911687,-0.0347433560569412,-0.06673171729704
0.115106223783054,0.188047960921842,0.429474949316334,0.103852376991405,0.33736962433492,0.0244110366945561,0.031175740877019,0.0672206415833291,0.0124245191359889
0.0181638853894979,0.0601349419969258,-0.0233342992988232,-0.0931371079875973,0.131433394253876,0.071989727657389,0.0854144117750627,0.00848049891773927,0.0234525620861608
0.267187091114636,0.249399000256339,0.228927378567046,0.24498809857103,0.123070181786313,0.128372783507922,0.226262951429808,0.0365016683313496,0.190147338725661
0.327800853374037,0.0605849530769197,0.22279969670778,0.27607085569043,0.241374404408953,0.160186918218246,0.205609200755458,0.122942269392527,0.213639105305267
0.228086005185216,0.0780650019869445,0.289040946982022,0.0772808485583641,0.108274697981936,0.0858039682944841,0.107066828824181,0.0799658863801743,0.0891922391604576
0.11539011866782,0.207397062837091,0.195305093548918,0.177075833529982,0.135446952708101,0.169149837831486,0.113823959539954,0.191213155090149,0.170773185656207
0.271631739999782,0.0590944298443008,0.190735260472143,0.250116232327244,0.377565588767926,0.0391660551218429,0.0574077490918892,-0.0639459704489779,0.175043666616914
0.187914748536809,0.0527958413492317,0.301063156796647,0.151961286180137,0.303223868266413,0.164619291327878,0.174275092954659,0.123091520214188,0.0562786349246899
-0.0410612244853521,0.0707619465972568,0.109290286634659,0.0669634399453758,0.0854907062594802,-0.031777820387318,0.0877163261215935,0.0247433592712547,0.0039996608848202
0.0271841623772791,0.126662374417632,0.0110656392895723,0.0959971950646329,0.578991371327127,0.0336382413867537,0.213096068584008,0.118225122879667,-0.0168790147329966
0.162961359119601,0.029350684209169,0.155986955508637,0.198376140257764,0.231260716171341,0.0375685340419215,0.105060026169909,0.0961112517833602,0.0649053489721008
0.0361714142741902,0.0210891208635042,0.185521437253735,0.302128005063803,0.12199945519812,0.0334436876723467,0.315951357164588,0.140017116684931,0.182626216442067
0.0542107439010767,0.0804390442588911,0.259922117232792,0.146355663474525,0.263471884788866,0.0784686010997591,0.21316518942478,0.194503034915198,0.118993415081494
0.113830143221469,0.0662711430109958,0.197986668762847,0.144397843743872,0.298910584932301,0.170626849258123,0.173295474700162,0.103206191642542,0.0968868957963364
0.173005431316051,0.132320795936679,0.0898908443145962,0.00214378386146897,0.0266855707813865,0.0994137529957338,0.106852883396973,0.135395957041924,0.184101413382759
0.214097985672884,-0.0668860942817117,0.0469314836702823,0.202775801834363,0.0987337283947634,0.146034002910544,0.105744838377316,0.341443797136797,0.0748118590394439
0.115672329620556,0.15155237561168,0.341708427351364,0.236857480440659,0.361564549622039,0.0230048330673416,0.0990926217155864,0.207544278147448,0.00311284543920201
0.00805913265480132,0.0599514663396319,0.411799061938909,-0.0378658491553611,0.237356793453283,0.069053419837874,0.0576747730283797,0.316829421759685,0.0120477690214106
-0.0869641717086431,0.0128907329928621,0.081746161743448,-0.0672281396965982,-0.0548151351197385,0.0402536647254806,-0.0167974880254359,-0.0186476056152261,0.542500629755659
0.154449259218021,0.0250030821947366,0.0270971726426581,0.127482312848318,0.20562281884963,-0.00324269622399618,0.12607427358616,0.0649035895361836,0.175469366101705
0.118700102013219,-0.0641466185007332,0.0350635632182647,0.147708334257004,0.557108446098569,0.103456091790666,-0.0289347798211188,0.224130642895764,0.0104213653865547
0.249994323861967,0.11752875567684,0.20448935760146,0.185764159251277,0.362223832999253,0.0197678309944409,0.0954503919158323,0.0806402874774989,0.240243053709235
0.161431053419325,0.34986651970705,0.124431749451746,-0.0104897095600127,0.173278519522121,0.141785672108528,0.0939660143518436,0.114500276701447,0.104614839614784
-0.0225500724058495,-0.0297905706410932,0.208357271095786,0.00301127261911575,0.182187441715941,-0.0339655190565229,0.0803626752053491,-0.0382563561786388,0.123929979613447
0.266469816153536,-0.00103817038157414,0.218241322297945,0.153131764965933,0.334820764366716,0.138265677923265,0.10332896197168,0.141227793399193,0.155512292678954
0.0291749133697967,0.0674042740456652,0.102947242187629,0.127563246289652,0.272558140948287,0.0740996611941415,0.253552090738428,0.103853324927278,0.105175496611336
0.149850293278207,0.116509854610414,0.260469433663258,0.250707629075759,0.131909282472314,0.0678607314183132,0.0904909430056059,0.0897980000092198,0.12266573452664
0.142549262238505,-0.0423101408083723,0.390876282958544,0.0615205773515729,0.215522796121199,0.0974616971365413,0.162802016851177,0.00495995262697087,0.105779716201723
0.172741854911021,0.0667860808434407,0.270947099523504,0.151255365412298,0.438257554112819,0.0378748067876595,0.188423945080235,0.0460941963177729,0.157659035295869
0.0433569678443344,0.217306681835847,0.0684133840541499,0.123460596907214,0.239474217982957,0.0620948273093559,0.121902692651033,0.0455634177691535,0.0282478632594862
-0.0476606483806394,0.0605594907872232,0.0366141141629371,-0.042934706024128,0.166943039511683,0.0283887162339397,-0.0399337874362272,0.102486148640739,-0.0122277193641757
0.0124351354827062,0.0167123474856705,-0.048420655653805,-0.0120459318827815,0.19947262171544,-0.0419201182277609,0.54173418833048,-0.0430829768336703,0.0719735568481624
0.29328033013653,0.0862038467192924,0.143779394242479,0.103181103546432,0.13084453479246,0.183618059848604,0.260895126990652,0.183846938787598,0.155085216303296
0.123446911435678,0.0398285648432114,0.129346073899577,0.0597268176721455,0.195781496491458,0.177419827952509,0.146191285317814,0.173322139448749,0.193137933502451
0.126655928459332,-0.047170912870523,0.195095028037214,0.151587042619798,-0.0474730347916125,0.119402229075058,0.165349922224653,0.125661323650714,0.0471689717024871
-0.00593361012593238,0.15046701362989,0.202799439328237,0.0136414008735771,0.546187867305733,0.140689538597244,0.0946560671765445,-0.0885741916726405,0.0278948251555417
0.305048902087236,0.120626489525473,0.185378575424878,0.139848146797907,0.208505937070462,-0.00205435652629464,0.176144936765278,0.070441626379071,0.134912259562701
0.0233679273423605,0.0921345505042108,0.54136805299211,0.121285140765831,0.20874814225354,0.0710411278523202,0.0568356236615921,0.198606679124845,-0.0848471545019389
0.0649534437724284,0.28494341139695,0.195485329427115,-0.0680675516953187,0.304030065196858,0.163492628216529,0.178412055697173,0.209483909296631,0.156482530572435
0.19360618953965,0.106840106000778,0.209576223059632,0.124415708858718,0.223945789817235,0.0101898988204241,0.15033477232046,0.0463970031909277,0.158536187488001
0.401296422464734,0.0516897809003931,0.137201737114485,0.0887756284261292,0.297947521540376,0.0802085381728389,0.123311773236786,0.0795508007294645,0.182410970409967
0.088593489474133,0.0969581152567165,0.274423917823434,0.10991461739296,0.192337830516338,0.158780958331573,0.0903183539296154,0.157651270724918,0.156610521385297
0.0221015731764458,0.0455967628045133,-0.0224370493124007,-0.00965072143210313,0.356337140167948,0.245355999813804,0.387381290638971,-0.0594855088711143,0.326364615173026
0.319173870088146,-0.0114402934412046,0.285318355909615,0.122065373705459,0.309572599074449,0.169057065480881,0.0973904295065112,0.209905510589823,0.131605236239183
0.443936840465338,0.0170568675750827,0.133905787205225,0.0833178989644763,0.165848431338451,0.0554385980010297,0.101998869431624,0.0448921764389777,0.208597709162739
0.104508447860088,0.0487863012742442,0.196436634657045,0.106314804960014,0.195836612575469,0.0661729682188221,0.222122327009327,0.110678830650785,0.150203631525912
0.210843559789394,0.0805860024397599,0.331181865795697,0.155751703282422,0.193237950001481,0.0358645306220513,0.0398510013298034,-0.0142138586906758,0.138854722782549
-0.0795507859999482,0.103721073604564,0.123144364525227,0.104288960205296,0.604466115093051,0.10956856270655,0.163619880396247,0.105826189543075,-0.0425087509944052
0.0553578207629883,0.035469243815785,0.339512626475987,0.0808783496383739,0.413545285303726,-0.0256828458451194,-0.00040312766069677,-0.0125750108919386,-0.0722992955552473
0.208470703059739,0.135919881471742,0.133297633606825,0.140953794508625,0.160723955388787,0.110143441141161,0.0607409774668131,0.182436155270512,0.179710942843431
0.285123494159837,0.0114290331121312,0.164773380636623,0.165784309500781,0.137276377011849,0.135078043043789,0.230638062476734,0.132915940574019,0.20113254833221
0.0307389956234602,-0.0218579204898382,-0.135916284117689,0.0283022137289476,0.0351046848224829,0.149014361093019,0.59744341230854,0.175308278853111,-0.0389481586824705
0.352861039316326,-0.115801117448709,0.441514598160858,-0.0527174266063778,0.390711596629128,0.0494827465175346,0.0288048366840279,0.0613930016983377,0.112537108610882
0.170148803067537,-0.12101779247171,0.117569133190486,0.014293461056025,0.0706404466665482,-0.00789896601187227,0.161773681493677,0.104342431290532,0.0442102580462366
0.198972685153153,-0.0533678003546439,0.169794949846697,0.154149039736037,0.291214832810351,0.0292923039160276,0.211562221837396,0.174375179964788,0.0981273039829085
0.259494160159151,-0.0386950600647758,-0.0287611614010522,0.183863743200366,0.282389911510465,0.0416793553668068,0.34406136823257,0.0969176730084888,0.0235273652529916
-0.103135341622973,0.0774244783991742,0.63742772038248,-0.0353466039345322,-0.0126231251344662,0.200427650292888,0.19098034635986,0.266147838166531,-0.0955615573893011
-0.0402335019697952,-0.17462543763367,0.158115840614011,0.369783727429063,0.167609586895683,0.018040379910485,0.199665488170044,-0.00659331873397806,0.189739866201226
0.105062158880826,0.0552629011717087,0.52385537915168,0.0733751432164549,0.260797735726671,-0.102519853355623,0.185163895483817,-0.0789740029916293,0.0816227177124771
-0.0310843814494418,-0.0534197219354148,0.0798856893150568,0.104968137362002,0.152085487085914,0.0480924800849194,-0.00126802760628089,0.170392545688026,0.0450235145652041
0.287754535768356,0.124332799334576,0.138026272998536,0.158721969354488,0.391850339236343,0.161657225730384,0.211862702321888,0.254034861140573,0.0842422869664572
0.272617230288082,0.0716092272892967,0.282856732052576,0.0453245138561113,0.239278211438249,-0.0470663454580297,0.280898369987218,-0.0269053421558129,0.188928181257572
0.446883504980472,-0.0138422816761125,0.0446678872262234,-0.0260129330660779,0.133367502629864,-0.0679446319333729,0.0767989736285863,-0.146279882793581,0.0701225828675125
0.0391531633941125,-0.0124163178303531,0.168665966154523,0.0918005462373391,0.250970093550109,0.00346378628673109,0.054357477873406,0.0985243390252331,0.0339995137099394
-0.0304068668118256,0.0291127781042854,0.477123963246877,-0.00244129726968078,0.302592686089609,0.230434411522221,0.0539551696966569,0.0196020668877175,-0.0343471386173359
0.210510385865061,0.0607933044777448,0.10899835015367,0.154159949654409,0.176578984473414,0.147333184869264,0.166516148444557,0.265777668162876,0.0840639028928122
0.16805515934499,0.202830106503016,0.194610713993121,0.192397127642277,0.118476137369354,0.134024634091604,0.055917461197906,0.158397417134043,0.269631419335468
0.158640321026437,0.016240526329493,0.31469753708599,0.085464022647431,0.249053077719481,-0.058331246588684,0.0323275562836461,-0.0488052964072007,0.276297649821137
0.163357340232595,-0.0464726532880419,0.160419633590435,0.169564040712817,0.234785331022674,0.172659256377154,0.195425306995737,0.220638701725328,0.0940407719753381
0.298450635381771,0.0247710764598354,0.191844147642411,0.0764128014768677,0.212020012377096,0.0975611203200989,0.164943283268882,0.0361297954456522,0.139719735401145
0.133898493752552,0.0795100867475795,0.218665923705182,0.127004970620376,0.204405053411482,0.0810956600716923,0.171471874629355,0.211568761085777,0.227190249401598
0.158117499155863,0.0688353564027152,0.251426195905152,0.0434047597414513,0.117789827009585,0.182147355162741,0.173025339967237,0.209456414909714,0.110633322619568
0.300708422954383,0.0415420768594252,-0.00591841506423307,0.107383023238527,0.313413749734894,0.0435196730067121,0.0685153399950599,0.00683139620563024,0.139769728907736
0.155431526235943,0.0662912886836773,0.257570530485751,0.144276721662059,0.333193668536924,0.199629197870443,0.169947273349551,-0.0172952567077942,0.193913394052673
0.0140036651662308,-0.0175526453027643,0.0400840136998242,0.0694177345488632,0.0517722283838399,-0.00816373324135472,0.0139402727699004,0.00582874854966526,0.00747901656587968
0.129149552612443,0.0632916936824212,0.212515841500237,0.0835355833712546,0.118814738811272,0.00128820468736603,0.122789267595407,0.0686380791984189,0.0471203444837537
0.221580057775679,-0.0360784537080238,0.252761878762672,0.0542337143217479,0.394802624221737,0.114823061120538,0.135643460188036,0.126575902654612,0.0990310403461812
