0.00807111470692146,0.00828886530640995,1.00029986308616,0.99602042018759,1.00003568877339,-0.0015980663359954,1.00027633428476,0.00477549324198045,0.00308318932747161
0.991898665221042,0.00165654554540205,1.0192214546394,0.00769148082557195,0.00441167549610986,0.992277949927364,0.993372606701267,0.00281231784867823,-8.45517901367095e-05
1.0089689890759,0.00727930933337571,1.00863235333718,0.991663841001328,0.992785915547703,0.994384857273137,0.000544861647723058,0.00854179191708238,0.00130027713436375
0.0106136915786135,1.00657392193095,1.00569972695063,0.990355133084263,0.00453732459823769,0.994440204052817,0.998641713044391,1.00047895067322,1.00038857499612
1.00052230382492,0.998291285425345,1.00251901360801,0.998597770337385,1.00123357347781,1.00052317170952,1.00331948950351,0.998180165643226,0.993759247993679
0.00960916286148525,0.0100463759813877,1.00436910955124,0.0116074735259856,0.99265937465258,-0.00196327219838908,0.0168693387608932,0.00522775850492529,0.00766680090411929
0.992358087520445,-1.00263524328059,0.00278129471752562,0.00580730658082752,-0.00382176001440276,0.00384860936782902,0.00115295666377329,-1.00214476560998,-0.00225979845878656
1.01130753882815,0.00953272554348157,0.0166488942044812,-0.00345666546859273,0.0122784407777915,0.00401068707074636,0.00777228233235555,-0.00216721800266319,0.985378447491178
0.0243479139614862,0.0306619875088795,0.045374335145562,0.0176116675585362,0.0109811434061264,0.0170436465000723,0.0219485115232472,0.0177681749361264,0.0200958717446412
1.00560411925511,0.0044814899426063,0.997647592688536,0.00475158743375585,0.998374628157291,0.00947735866829332,0.00414400795612342,0.995179260811168,0.0106869991411016
0.0102442692403953,0.00152506133135913,0.014260577227934,0.0132846959937739,0.00983297752147739,0.00227455223729447,0.00636298558653494,0.998576578497367,0.00891471370471262
0.00786574496483251,0.00224486147490964,0.996216475436905,0.00333794967138343,0.0259113767262927,0.0162252440651166,0.0128593092779641,-0.00483809511561711,0.0182430001510032
0.00658193664159528,-0.000722741724327157,1.00027594109706,0.00308790648581792,0.996688469666119,-0.000288275997732465,1.00091055370154,0.00645661877384928,0.00408322695208041
0.0517315675005624,0.00632364971885146,0.0402550474350523,0.0394183933713207,0.0293364646942899,0.042800398699445,0.0513433620040396,0.00981011815012812,0.0383065707585965
0.0070902306480072,0.00341691704619184,1.011905712287,0.0143317210985787,0.985064636952245,0.0020421767247321,0.0171665784437837,0.0199376023239806,0.00990431860666749
1.00397796366246,1.00439656736045,0.00980850018878049,1.0005366071536,0.00309850196739648,0.997768223014738,0.996506458481756,0.00793941975866371,0.993473600340294
0.999515397483919,0.0023939699000556,1.00697531838818,0.00624956833663092,1.00620461310394,0.00179632082495101,0.992228432208248,-0.00370194798617896,0.991949981897654
0.99367509417705,0.00690605324946639,0.990699507191646,0.0109881662146064,0.00721583735971246,0.0108611389327349,1.00307949351907,-0.000852278801132189,1.00924964941105
0.998544796418565,-0.00474927868541509,0.00439735447240999,0.00855990970940549,0.00150729926823262,-0.000379257644128527,0.99585574730715,1.00655045261123,0.995773666668178
0.00667450574303386,0.00521435258894171,0.999684646398585,0.00569247962157274,1.00106150359511,-0.00149721624565041,0.995838023930561,0.00803603204269676,0.0137558309748073
0.998633739872808,-0.000620005386997248,0.00365111958957092,0.00652086756304971,0.00446893921844238,0.00783924210092085,0.000445300042882389,0.00517105140584424,0.00679690375247733
0.997330235867336,1.00191639200047,-0.0021334325338889,0.00244295931285674,0.00313385679768486,0.000834615307029408,0.999397136417015,0.997723433228097,0.00297822844709281
0.0135024248816406,0.00717469894660157,0.0105594042477754,0.996793438694972,0.998944153972761,-0.000355530946578034,1.00415257998406,0.00705825692560292,0.996877941674295
0.00169042137599341,0.00067074747904804,0.998426436085699,0.00608417941492618,0.00407916981974396,-0.00165136441777251,0.998967343028029,0.0108945419925652,0.999628022900379
-0.00560687127500203,-0.00540759558971187,0.989483488237684,0.00681834540123176,1.00929010551777,0.00483036547814949,1.01075812163031,0.987007845729188,0.00348328401053491
1.00497639706629,0.00792935633786864,0.0190693492911734,0.00736378569534489,1.00112755133063,0.990887590620453,0.00764547026539874,0.999695120907978,0.00250311743002314
0.00185222143974321,0.0020877446577368,0.98702934618404,-0.0112351564913894,1.00808563054531,-0.00574413712208172,1.00315107561309,-0.00346748255300362,0.0081402277454722
1.01420254309601,0.983078837185138,0.0122181111350349,0.00613628562325215,0.00695202696997659,0.0113057377562115,0.0134799643577952,0.00950464521615034,0.0091296622137901
0.0161643702292172,0.0064392748205223,1.00201539955391,-0.00125224038269816,0.998583928619961,0.989715769084139,0.0150213402758112,1.0062618656322,0.00247647985744222
1.02307498210082,0.00264307996476428,0.019786960539522,0.00734567971240796,0.972695656423279,-0.00342002217078199,0.0122069524573954,0.0179235274790027,0.026165245466462
0.0175567111203268,0.00877049128462777,0.0232577192994796,0.00805161607259351,0.996134543541867,0.00144818239165656,0.0163888423429734,0.0162422569623353,0.00382256148005317
0.991069824921481,1.00572705659214,0.00146884852595095,0.00987614680594714,0.0148333083860409,0.00750631759684796,0.00716657130525249,-0.0027863769551342,0.0138439995034174
1.00599081266434,0.00673134240380144,0.011818191402515,0.999186757895489,0.996037830207258,0.00668823783399682,0.0091484044232701,0.00619298221806009,0.995329765716315
0.0125624889632173,0.0100798529646638,0.0309122482397209,0.0411646642563398,-0.000281619275826501,0.0212718779367367,0.0311017718644251,0.00889209419763951,0.0234346755840466
0.00394442861599008,0.00355508305957747,0.999725405845419,0.00579645590079356,1.00863106054315,0.00819500656469817,0.999159587208024,0.99179000681218,0.997384063196247
0.997356202713477,0.990586224716396,0.994891682866284,1.00593772091365,1.00286478087851,1.0036692453544,0.0117290619072122,0.997519731423683,1.00377260133526
0.99842509787218,1.00201202380354,0.99194231723651,0.995923263657043,1.01613063192791,1.00009304528348,0.998063037788606,0.994027748259873,0.0109171735849372
0.0221151215537532,-0.00175354087279407,0.0406821129264786,0.00449845417653963,0.999844477904554,0.0395071652769383,1.00015551329794,0.0349317718464274,-0.0018132970066795
1.00778117206856,-0.991850158320048,1.00400459070096,0.996556080740387,1.00293454925834,0.00206667180152067,1.00254545583248,-0.989993339656051,1.00092111156319
-0.00646484026104957,-0.000849188398041677,1.00205605124977,0.0117391629766365,1.00549821211108,0.998376201936721,0.0161585984470159,0.990789008700975,0.010600770078476
1.00223251888997,0.995110482544634,1.00434923944421,1.00128341625064,0.998298499968021,1.00037625227565,0.990735501447375,0.996563689245714,1.00821779376873
0.00439944194150288,0.00493929815552395,1.00669642124041,-0.0017586056213804,0.99597583376354,-0.00346662923698239,0.994198712675706,0.0108563927218118,0.0015941112856329
0.990861243956792,0.00178770074651903,1.00203082875225,0.00909851372111635,1.00493887213497,-0.000569200624462599,0.999443764236757,0.00296452849621092,0.00519692566077244
1.00903434854723,0.999849131872695,0.0150078857046519,0.997852190780719,0.998613812124377,-0.000703982524978798,0.00655659942412214,0.00593027254066042,0.991185459766423
-0.00193265763195526,0.00683339102843505,0.00986875038816611,-0.0043809042323378,1.01727642941652,0.00718321477123844,0.978983078724959,-0.00764757379939565,-0.00172361420135161
1.00386535847361,0.993106106547124,0.00435084759634274,0.00573662747518631,0.0108972875803023,0.00666534153199204,0.00915829057403939,0.000555125693387861,0.00728765153466009
0.997962465971216,0.0059642666165002,1.00112843866769,0.00732361877637831,0.00830580457783325,0.00711452858371253,0.997306709660013,-0.00226290954965114,1.00043747828224
0.0120740140985921,0.0140876168152836,1.00353790507218,0.00977998006156067,0.00498654849926758,1.00770883983941,0.984704568156346,0.00650283079086793,0.0206431000930324
1.00053890524128,0.00170689716560345,1.00911315688463,0.00103352426806727,0.00392128756402509,0.00670099925747992,0.992074141181895,-0.00383854271479671,0.995014000121556
-0.0058902266683612,-0.00346289064035349,0.998635837286895,0.0188891438229894,0.995224326310488,1.00347020836483,0.999485021783752,-0.0004103527572258,0.00803020495209287
1.05939490985595,-0.00338102937065544,0.0177554340585791,-0.94060506498128,-0.00593153123843436,0.00235215962943895,0.0156667525572993,0.0227368357481405,0.0199209489832363
1.00054601372396,0.00375935570470192,0.996098543459537,0.998986365911731,1.00109061446418,0.00542430761076157,0.0112877281188791,-0.0024498527537352,1.00036824069703
1.00005567447983,0.00462790110591274,0.999916013683397,0.00388673463260006,1.00088197323728,0.997370336920875,0.00423130492996484,0.00408241824166887,0.998438114855478
0.00498969454224905,0.00395455505731262,0.991078840992619,1.00277922194989,1.00281816245805,0.0105262379663796,0.0166005489424267,0.00152349903406293,0.00968851882548703
0.996810635708973,0.992837183895995,0.00598173530145273,0.0163291974897424,1.00579231865169,0.00827412782906375,1.00138891248771,-0.0035868146872145,0.00849444129046083
0.000545418760687417,1.02720183379618,0.00616561571329644,-0.986313196572379,0.00872549745166097,-0.982077021926398,0.00287745766514019,0.00190712792522099,0.0102452864474816
0.0085248104850848,0.000981472829373393,0.0094918512691078,0.998678447179077,0.995247880341201,-0.0056805899241068,0.00906348705528886,1.00679161159474,0.99572088945701
-0.00301903302797966,0.00379742242668528,0.00642016528726325,-0.00494803159668821,1.02769784503416,0.00878588516346279,0.986645921908227,-0.0136993271829612,0.981399279104274
0.997277933188512,1.00119702355056,0.00443472408546287,0.00658206460248962,0.998115775495931,0.00259341797406496,0.00313988024715016,0.00449578628702567,0.00887423326153835
0.00815155051653054,0.997716571624299,0.99768680677185,0.00839043838916583,0.00298226050549419,0.0078799822717333,0.998900330619995,0.00329370077007747,1.00256468013116
0.0114285228365789,0.00796511102986459,0.00785382360363568,0.00169835237118552,1.01320432188367,0.990042981596245,0.0165167247155237,0.993208356756827,0.00229835697973987
0.00926882650849033,0.0110289584878079,0.0130471698437701,0.00635571320418662,1.00248617000383,1.00112491869738,0.993535580863856,0.00490473170333879,0.0046141621760659
0.0651685057397552,0.012251967985222,0.0392339228077454,0.0200603557185658,0.0349335622512633,0.0309132202815586,0.0370236986983785,0.027750829316069,0.0355747568718039
0.0102293284587369,0.00742582590919233,1.00604429498687,-0.00308577716092543,0.996278169053936,0.00510763802129483,0.995391907766239,0.00187706843851787,0.998946569973109
0.0208785060325037,0.0179606552645665,0.0477278456142846,0.0409396337825041,0.03432634846535,0.0506408524710293,0.0431584639307832,0.00449129094387227,0.0368351881115554
0.997546542599654,-0.00428831787312803,0.0141568051791492,0.0144590462835884,0.00878888812165046,0.00628492580454679,0.0103158326095723,0.0158226541873663,0.0112840929801215
0.00640769949084529,-0.00473464036161722,0.0219627830968105,0.0219904045241695,0.0592877345849651,0.0118809746046129,0.037631533520973,0.00755376261491243,0.010860413156854
0.00598029194248679,0.00951047642653138,0.99889330271572,0.00504009518452253,0.998651943358033,0.00683325624407652,0.9967669675209,1.00226557500457,0.0113553262213011
1.00345893568967,-0.00269123103086007,0.9986630167297,0.006789905413156,0.999724457415321,0.0033441235223421,0.0102266193897761,0.00454684921521653,0.995007468371284
0.0151254853554216,0.00749972428466168,0.00180463142896744,-0.000254363651394898,0.0121395869041764,0.00987390162905099,0.998398283616426,0.00310338319587478,0.0104564671968991
0.0025108700756015,0.00101829687964267,0.00870680575888904,0.00798953499198977,0.00581739737899932,0.00505297287653637,3.12157591496891e-05,0.99964254169783,0.00933640518204313
0.993899757558793,0.992162202324204,0.00815686193272496,1.00387547971539,1.00669821986502,0.00444483569119414,0.0127382832366372,0.00904463601431067,0.0122324319990065
1.04596506692767,0.0154877456368882,0.0214725381340439,0.0103907500049865,0.0218873781559557,0.954034897627386,0.0209096270385166,0.0156592017441569,0.0131411221333777
1.01662726156228,0.0121648450703929,0.994587318714314,-0.00715478188677494,-0.00208958434262501,0.00322356917788132,0.988926665915949,0.00176621979161279,0.996274389149238
0.00322257775204181,-0.000256854499074793,0.0096325655951258,0.000558921822094974,1.00840298475135,0.00491526460902101,1.00039215683657,0.993066965185172,0.994921514260175
1.00380719951966,0.993537728226802,0.997544660738706,0.00189304603842085,0.00452534814682465,1.00469181717273,0.00445861251197573,0.99505893734958,1.00188870534449
1.00601867064519,0.00456469254942111,0.0108141350211992,0.00329394455691901,0.994524324434392,0.995749895892611,0.000921856549370543,1.00425369102968,0.996095218028791
0.996369695859171,-0.00551501622817909,1.0067202008819,1.00284225848758,0.999532373761271,-0.00536901663406192,0.0081332589003846,0.00655423833180606,0.991210984905516
0.00902644535653041,-0.00203967365658592,0.0112197341533712,0.00523049340984377,0.0102121802125204,0.00415313718490489,1.00666076017943,0.00183927364978315,0.990152973760591
1.00502018568012,1.00606242955701,0.0105251982085099,0.991624926027692,0.999680501426246,0.0058182702997633,0.994977304289676,0.00317194749871301,0.00145594214844991
0.00698163744926272,-0.00602025484883204,0.015846836206542,0.0201584896282038,0.996083032270047,-0.00299780794490146,0.0106870769519747,0.0169017592762645,0.00537005547791813
1.00905987385917,0.00141313035585025,0.0104720735217013,0.000314260600287056,0.00533931858878325,0.988256235747671,0.0106119960913878,0.999648723690901,0.00190664585223188
0.996227363768628,1.00046863173627,1.00949714275641,1.00233474058984,0.00891439768253283,0.0103600990416927,0.995957002537091,0.992084118982509,0.00614121884513944
0.00876184374791041,0.00248961984000559,0.998508698775134,0.00158228866091934,0.0115643071312214,0.00436427714668566,0.997298847584524,0.00225119400120596,1.00141267422859
0.996879995386153,0.994541271730988,0.990871922064427,1.00493204398345,1.00438677177386,0.00195287107304252,1.00523351287089,0.00520025124239097,0.0136312160880828
-0.00957299818528362,-0.00473558354030305,0.00818829762913492,-0.000769050720385759,1.03052860307492,0.0106321462304775,0.0126543178498457,-0.0157228436191591,0.964357476213225
0.995530108838978,0.996905245265093,1.00476514771345,1.00132330281635,0.0134323802318589,0.997982265831023,0.00764987620532885,-0.0030681491621349,0.00586542516174211
0.0136298938852722,0.00168134868279104,1.00425052604411,-0.00100304531781181,0.994753903492539,0.00908882299044961,0.00483351766745823,0.998154769776232,-0.00348885025867232
0.0107461040743864,0.0047710420706292,0.995183822444156,0.992099323820472,1.00918231806378,0.00182131235314165,0.0175435055417428,0.00752603219538831,0.0107224880620977
0.00333104144594316,0.00820119586325548,1.01745142271455,0.00259791223137687,0.00714157969437731,0.979729607883965,0.0154043766005056,-0.00354924537620806,0.00898539097023216
0.997340030432841,0.997664469550334,1.02131434924571,0.998102424326678,-0.997575918920628,0.996349954845253,0.99184953073165,0.994307644029444,-1.0015943927232
0.998401221077952,-0.000458252344974997,0.995262102503371,0.0048698906384114,1.00250619386,0.00460464682954958,1.00065464571145,0.00752837579866247,0.0162622680302867
0.015755918956197,0.0100378038080736,1.00510411040786,0.00522672463116223,0.998724390234422,0.00886238525167838,0.99295875864756,0.0124912758341841,0.0111277041579705
1.00535385728966,-0.00494728862851175,0.997299309756948,-0.988634694524103,0.00214008422022768,0.00224582803423231,0.999705320183168,1.00606140540188,0.00914958382633421
0.00821071839281184,1.00500281453282,1.00327404005986,-0.00364177513402739,0.00743987143028188,0.995221457742761,0.997348481474901,0.00477061103640723,0.995967398793647
0.00548620278418435,0.0163538025669322,0.00355011365498479,0.997515273317847,0.00324623445248205,0.000591722958115737,-0.000493010738849267,0.00312146720641897,-0.00273812021483658
1.00435369085656,-0.983728777841909,1.01585679307147,0.00431906154023818,1.00335218684787,0.00278978162149482,0.989962766492217,0.00435677444436023,0.00364996427124874
0.00878826151408715,0.00403498024739552,1.00252400705348,0.998267345342036,0.99384149931796,0.990335188394755,0.997562379632743,1.01403918826643,0.00609816722427088
0.9993250735738,-0.00551582673151789,0.997952314973432,0.00454383272718427,0.00187103900107106,0.000761851180879776,1.002043036819,0.00576705972429222,0.997496625629103
-0.0272148963230784,0.0253527629865813,-0.0148143019658972,-0.00962031420232578,-0.00391559159245431,-0.0314997419313946,-0.0185859772545509,-0.0154346183601582,0.0072958408984994
1.00451876357838,0.0075366889628266,0.996415054692453,0.996083974222001,1.00795442795287,0.996871687117421,0.00859333817180393,0.996651711248231,0.999054401911944
0.00460237895101322,1.00252096187929,1.00567987706886,-0.00293264097797105,1.00440540409243,0.00585339232889845,0.00599314112294242,0.995160744723223,0.988986999369361
-0.000832317716329115,0.00116593487278089,0.0134456393341758,0.0123252749519622,0.999633092706759,0.0108105724518119,0.997766188209239,0.00609013729980583,0.00519994175292468
0.0431521244409158,0.0176925649148331,0.0358816777978353,0.0282403424990483,0.0447326084666444,0.027328566730656,0.036899042772158,0.0188122944454613,0.0428244966502734
0.00858138009206108,0.00625600735315166,0.999068358357769,0.00106943342752403,1.00421894085262,0.00590677816257671,0.0135374789587435,0.999289618595698,0.994184341515289
1.00556811693532,0.00445770727951757,0.990941045623602,0.00255051932581417,1.0028384973834,0.00727364067915145,0.00637995379293951,0.997373929307193,0.01290673104102
1.0100197882069,0.00434378544622063,1.00247394411876,0.00346168619398351,0.996358460519407,0.00198281576477272,0.992058209368569,0.00668326850642527,0.995803041246867
0.00406223983665527,1.00552034440897,0.016033836116992,0.0037477862828531,0.997117805125751,0.994773112275214,0.000174490945122096,0.00299234635065323,0.999367794096642
-0.00395457173599516,-0.00113460930345486,0.9972620255637,0.0100848417621919,0.0155762335243316,0.0204776210661842,0.00704681454856741,-0.00594160144358629,0.0150189980634348
1.00342481637283,0.00488021565978748,1.00557546051618,-0.00605849956995224,0.00692273170452608,1.00005177897222,0.996433479172004,0.995884069726402,0.995625480008031
0.0104554141859903,0.0229136805843779,0.996032575973996,-0.00216010974281177,0.0217481931703249,0.00211346964054196,0.0136334369122419,0.00215414644468002,0.0119566914043456
0.000816326218910484,0.996013175189025,-0.98649494954629,0.00180907059260398,1.0250432680183,0.994342799311929,0.994383832102359,-0.0023271795670307,-0.000132563522572532
0.00530312566820588,0.998236012757938,1.00065608222925,0.00345154337745065,1.00670848012103,0.993846696463191,1.00090222145664,0.00508650097354823,0.996432195993242
0.00814991729844226,1.00142989886114,1.00058176515964,0.996086973300282,1.00260544280609,0.995914502324435,0.00921302571741769,0.00785315490335588,0.00333334736683799
0.993623714193674,-0.0076573656891511,0.00604767728976788,0.013270510087115,0.998944759442427,0.00713364518274741,1.0047181554365,0.00280639183500356,0.00196721114551027
0.00114498976450453,-0.00410991358209683,0.9973486093601,0.00673877235336041,-0.000971235238530631,0.00622343924612912,0.00936629319349253,0.0117804857872139,0.00442444343927032
0.996070182904652,0.00492183031044683,0.00760168814597184,0.00569047591859411,1.01024852278461,0.990251332707295,0.0143451383918747,0.00538753091426361,0.00213685491996975
0.00991419432731668,0.00240938662627004,0.0164595984772,0.0124022728021579,0.99657845308017,0.0144443242835649,0.0247649289055775,-0.00198742584353619,0.00347625867307653
0.018506441084219,0.00969966983701575,1.01101681327935,-0.00940578908066289,0.996232399071148,0.99002270583883,0.996961888349428,1.00214855201391,-0.00267571122494847
-0.00500367779144482,-0.00873007280581168,0.99224485770845,1.00853151353646,0.00145945295611404,0.996290499981423,0.00296082467268092,-0.00297656317646023,0.00302567479485223
1.00198916393927,0.00159398766616121,0.99759301377324,0.00731648071416631,0.99720043685486,0.999676141348593,0.00893329116914801,1.00017731600614,0.013075534820396
1.00538632427725,0.00698231900337198,1.00031549696082,0.99461744060257,1.0028640983997,0.998702521459678,0.99884449825417,1.00135653604,-0.994416411923083
0.998656718948967,0.00479239374058136,0.00365720883637229,0.00127334219851459,0.00996434539610377,-0.00320601185628871,0.000523286697391876,-0.00579422235491695,0.0015112408965881
1.00534040403046,0.00801036246768422,1.00213952629379,0.992321060342132,1.00793862478157,0.992636417216813,1.0009108366294,0.00183831192313491,0.995460252006907
0.996863592656566,0.997379641986287,1.01885330532645,1.00136192048363,-0.000404821081358453,-0.993736919326213,0.992990568534409,0.993532402949327,-1.00136464764248
0.00534595592072762,0.000590750327552982,1.01562224229651,0.992175707417934,1.00051189700234,0.00507670976628071,-0.0001602676521198,-0.00347624050876871,0.988033496197365
1.000348042947,-0.00287861855470118,0.00557141703327863,0.00298076361462645,-0.00472115525680345,0.00349604538752751,0.00460201682501072,0.00600714925014718,0.00486159925156948
0.996910873349035,0.00921725039801569,1.00809518311997,1.0089751299245,0.995674271929215,0.0136324536019466,0.982267507225776,-0.000994333622662866,1.00465379653673
1.00592036565567,-0.00522984227261467,0.0104867470178023,0.999601348303238,0.992204853413415,0.00663349845334483,0.0133006637713063,0.999274170864382,0.00370870293973702
0.00125840804633608,0.00547188363247879,0.995423544068941,1.00901612213957,0.00888932603203241,0.00703072725035516,0.996114368825649,0.00352538367270706,0.99646814975438
0.0104277503299302,0.999637531677233,0.0124327844535829,0.00495958346794339,0.00232225546975396,-0.00191849215534073,0.999794873978937,0.00671576293566826,0.997277151898851
0.00947749338047634,0.00379569706820207,1.01122122551502,0.00205962323865827,0.995780298926794,0.00887857646420578,0.990066520910943,0.00939213733171798,0.00187733485745357
0.00332155644617772,0.999317799231629,0.999245651722709,0.999172544202686,0.999116478025571,0.000680855301053643,0.999682630589884,0.00592711841351732,0.00117944797573034
0.00749910064301012,-0.00441800594968264,0.991765931350021,0.0115011912237544,1.0047393242817,0.00576855078788616,0.0191119899725295,0.015575700076393,0.0109455658578469
1.0103258380163,-0.00306953969454734,0.995844779449848,0.99373148042085,1.00384189619119,0.00467459454973921,0.00730507654459423,0.991113011746433,1.00194303755235
0.00824899516618069,1.00327965146763,0.998001533141908,0.994323687029618,0.00883737748720166,1.00142957184752,1.00179886109672,0.996487381994717,1.00150666171696
0.00838653493591951,0.00407481032336011,1.00489861470288,0.00782130009480009,0.997003145129807,1.00224744245229,0.0070102199625811,0.992680584075426,0.00462575844781584
0.007604954616975,0.0177686815722778,-0.000536465717402546,0.968334670179989,1.02704070306315,0.00374340117163671,0.0135213907390073,-0.00560566977104904,-0.00288886213564388
0.996125108265407,0.00283770463615718,0.994471282653199,0.00519454041382466,1.00659910466566,0.00510963791149235,0.000517305902226625,0.999198142998734,0.0109847065234086
-0.00153067308179411,0.00720583514618116,0.00410390183824388,-0.000227803666891192,1.01584514097147,0.00254779241557223,0.987882858147224,-0.00522514295352246,0.992643527993934
0.013844444004766,0.990036461336476,0.0142931220446259,0.00799073287425391,-0.00269202179811275,0.00119339323792005,0.0116637681256453,1.00684327856211,-0.00317047054922039
1.00532865788836,0.0126912730839414,0.997172190501418,0.998291672904092,1.00221258627658,0.01046641029817,0.99393265573547,0.00332543119304362,0.0152526160787854
0.0170487512412568,0.0193123327312619,0.0205093424645444,0.00928108012945484,0.0192705129561042,0.995286015558523,0.0218864357893059,0.00766465595336801,0.00911147547764839
0.00837332317556167,1.00216295012407,1.02080080430051,0.991925215251351,-0.00516030161200265,0.990401265411265,0.990472177800618,0.00384983989797054,-0.00680339062374254
0.0091725292209706,0.0123563298535968,-0.00760077182538921,0.995677480165262,0.0239493851260372,0.0123031916859619,0.0112460475153822,-0.00176502175820256,0.0291841277358495
0.995947875698967,0.00243516173290004,0.997456201674502,0.99909546638385,1.01158102804324,0.995537104772496,0.0123000282857571,0.996960522671748,0.0066652011742475
0.0131991628921688,1.00321357546224,1.003585846194,0.994890826800626,1.00661640280239,0.0040669760149294,0.997586804189703,0.998618669967829,0.99225238093008
0.993849032640072,0.99695598758232,0.997713044751458,0.0102906518571646,1.00717752644279,1.00085333578971,1.00056704657267,0.999342716323831,0.0100231547934284
0.99285614481022,0.00688498889570181,0.995415868868487,0.99442476319963,1.01422002967946,0.993493567517944,1.0066226127379,0.00601756875331442,0.00421103723448097
0.99796893961341,-0.00242554975765303,0.00938356325728378,-0.00148293899014734,0.00742931982417835,0.0090986790800855,0.00955294903453321,-0.00185412703766782,0.00194814450354266
-0.00555968091636403,0.0153129105122978,0.997058136050055,0.00919834560643332,0.00465677129293112,0.0128079857459057,0.00925521370969483,-0.0117105830155462,0.0116253924147515
0.998978423834403,0.994741529865404,1.00120391280936,1.00316882924196,1.00058629858802,1.00336153997029,0.0085200778708763,0.997210257089511,0.997266434304522
0.999290502205228,0.00575911680894531,0.998075040295901,1.00241133820815,1.00206255270883,0.0101308752411513,0.998025044323376,0.99684696934519,0.012995410989981
0.0126209879439287,0.0060870596847206,0.0118508919323839,0.00979578042302844,0.997762181622396,0.00893243816351294,0.999081704209379,0.0010190894271926,0.0018774263271776
-0.99204873784868,0.00224648801546634,1.00000427491077,-0.00069295392803659,1.00072190720715,-0.00405998680817306,1.00670920221834,0.99734059342355,-0.000302955962803735
-0.00662031283629602,0.0080730561733181,0.998554071083919,0.0279006817180869,1.00144615632151,-0.00743272475091116,0.0419739904340895,0.0177335332121628,0.0197944352267273
0.00658219249273963,-0.00866040613123473,1.00796141402631,-0.000902022246465703,0.992765897242642,-0.000208761559346056,0.996938418573132,0.0104363086175841,0.000294807053171206
-0.999149335014184,0.000445567654436882,-0.00566750185143971,-0.000747795541853735,-0.00306820080062073,0.0120834222203299,-0.00383028100828716,-0.0134475128776302,0.0025176660940819
1.00582706318501,-0.00183890891667384,0.999466373441244,0.0038822820985701,0.991188635244055,-0.00615792781303326,0.00533282532639618,0.00409212886606839,1.00024741408106
0.00974486663112526,0.00165160738376369,0.0162204491411374,0.0127098698901839,0.997323197396557,0.997135849636202,0.0149605895655969,1.0019698675452,0.00855925547061459
0.993413827018707,0.00753054383738919,1.01249280250521,0.00556303635211841,0.999416256664664,0.00990691356395908,0.991286314596841,-0.000678910374735269,0.00738633532486619
0.999627262919379,0.000306046466169565,0.998041991642824,0.999108989894681,0.00378815549601655,-0.00014252501492232,0.00839036769367316,0.00331586385345115,0.00704225351055368
-0.00412506104379877,0.00794478360262963,-0.000983731763580648,0.00404459449530337,0.997354821732968,-0.00570298804111523,-0.00180119426162172,0.999486122251358,-0.0122925559640666
1.00206569382129,-0.994706390852369,0.999309667061442,0.00727025863837365,0.998426937919049,0.996734853720416,1.00519879203122,1.00034194795269,0.00631311270820286
0.010280629581821,0.00305733922336181,1.00278097422662,0.00947342705941835,0.00675896116013228,1.00108509771107,0.99924426033648,0.993604463017084,0.01393656511138
0.0104499831293817,0.00899208033238562,1.0035890595668,0.99457728884457,1.00284361551083,0.0039968282369995,0.995554188386504,0.999310087883864,1.00075129030784
-0.00450944331257898,-0.0117549527264431,0.0024290261383855,0.00955601292167216,0.935165974950062,1.06483399788892,-0.0125320319575288,-0.00308260666963472,0.000134546057698108
0.994524852597692,0.0119879685176715,1.00546233088753,0.00387223524155718,1.00978413319022,1.0037773402366,0.999324038528398,0.992265894897527,0.991479976219785
-0.00287306437795317,-0.00793760782330457,0.0126305928162208,0.0243401636909062,-0.00284355509768128,0.0197659638399697,0.981778508648471,0.000964239797347938,1.01496973752037
0.0126881179281022,-0.000766265131504404,1.02174650268161,-0.00179157698413773,0.0118801955130466,0.02111015644834,0.00680446150547677,-0.0196308604490204,0.973860258668527
0.016955032874926,0.996777391175333,0.0127418768072149,0.99575062507164,1.00371988290476,0.0094670378414675,0.0176946188652578,0.0031675086168228,0.00636241939984501
0.996607598465675,0.00473025010967385,0.995496612648885,0.00592597741658355,0.0159671420834695,0.00833654957668375,0.01015251660287,0.00335198470709711,1.00471762261487
0.0112234405553476,0.00704225138925042,0.00987860378272254,0.995802357192655,0.0075931992021888,0.00729648053942593,1.00134533753606,0.00227020338217265,0.999959580593589
1.00068910478274,0.00602172092553285,0.995793777394703,0.0017838289388089,0.00772434799930381,0.00495790374192746,1.00311437488818,0.00141011147165554,0.997106666642884
0.990215233744222,0.994882784695016,1.00125738555561,0.0183068206018867,0.996299098047926,1.00013096272195,1.00679066742271,0.0108221038050958,1.00729426445735
1.00363841144792,0.996162155770547,1.00236413392655,0.998548279395684,1.0020782429557,-0.993637559871473,1.00172988263655,0.0026303360020242,0.998658656011083
0.0564625151350478,0.0305645351126747,0.0360064354694831,0.0247440724038109,0.0319619368451871,0.0356224487172093,0.0308802937366857,0.0101479315717806,0.047963409450299
1.00534840230287,0.0106581143847876,1.00331166693614,0.9885537604595,1.01235750727634,0.995892969406199,0.999185332720679,0.00416853071102241,0.992099222670355
-0.000494261507979631,0.00480477615938375,0.997708852239674,-0.00369510277384422,1.01353433929968,0.00476345950256571,0.992732310223298,-0.00287185708665529,0.992437463643428
0.0116949882311523,0.00386835845005492,0.00762853860224156,0.988156580280887,1.00861233730641,-0.00414545696771087,0.0121731037622428,0.00556832366865559,0.00652534210287808
0.0354311840015374,0.0198238025022282,1.01118625573777,0.035946813700104,0.988813711292975,0.0160717431826115,0.0376324103327938,0.0139019685554195,0.0349908417756004
0.00733459147914097,0.00412137241014681,0.0171438447085619,0.00317942888676856,0.997218727278317,0.00918380673948592,0.0116815604400221,0.00305794209882863,-0.00517307873926571
1.00739977060754,-0.985896269823488,0.00395825799046185,0.997127036527685,1.00590297644964,0.00120061630129945,0.00729656364978279,0.00855300490200763,0.00216560981563577
-0.00247685459408156,0.00197102150972508,-8.59838312406388e-05,0.00394280604532953,0.00776536655423178,0.00827050689340044,1.00291799043278,0.993822616164505,0.0109182271553423
1.03233072620158,0.0200858574878239,0.0366314507455256,0.967669227894264,0.0107980397843886,0.0165626396563058,0.0337632066549928,0.0312663589935255,0.0153311911456566
0.00672955032048502,0.997607749094474,1.0004718865657,0.995790607308989,1.00826069742222,-0.991408251834785,1.00096311628438,-0.00279066270826001,1.00207581161299
-0.00321133706602335,0.00218381504785685,0.00917630218484167,0.00288434540468165,1.02550348130537,0.00779870858305764,0.0138247909682423,-0.00620863766762107,0.970588869043051
0.00957813022655303,0.010640930304829,1.00882727576813,0.00451937569956471,0.994468063227627,0.00530013106387556,0.989156548479778,0.00633750264696198,1.00409232051983
1.00134849675563,0.0019773815845422,0.0111720220813263,0.0106827033802874,0.998269800178996,1.00381582050104,0.00967645497984259,0.997565495660255,0.995626066923113
0.00733644936847854,-0.00655806685319209,1.0679324096099,0.0120670965020926,0.932067547874722,-0.0201951674216167,-0.00763685496655002,0.0080840835899339,-0.0185505281429465
0.00657839684766516,0.00806229944448261,1.00441429938354,0.00292405105713159,1.00388482454228,0.00708697581685543,0.996675766697188,0.994923504592073,0.996790051824492
0.997774305917675,0.9961457505909,0.00975374793418407,1.00319911859108,1.00427109815625,0.00688477239591024,1.00175585241102,0.993772307518741,-0.000175889686693343
0.00286435519388707,0.000828625244657539,0.996250221469024,0.00832689411703898,0.0232588290767237,-0.00566490768942739,0.0269345481814058,0.00358137419594068,0.00581890226049229
0.997090323974204,0.00162168464053477,1.00082975553559,0.00887213916668197,0.999643240937248,0.00970807387770262,0.00808826670468439,0.00461572224760969,0.999248255504298
1.02459133602931,0.000841147189321667,0.0129765211665082,0.00143764825299604,0.97156811321389,-0.00470909711366571,0.000394792863803702,0.0122666175677331,-0.000270070648080715
1.00204522457036,0.995333784334817,0.00886164940177041,0.0084893934619153,1.00054698581736,1.00330116042697,0.00551238986592231,0.997488580416773,0.997824864631393
0.0215723257995604,-0.00685154300539825,0.0350006321074784,0.0278124088047345,0.0359754904231606,0.019076946883956,0.028207060457803,0.0300404912704212,0.0421726312143649
1.00529689279821,0.00993324143144124,0.00398243681249682,0.993924032636988,0.0085097216767342,0.994552549415951,0.00759046927570724,0.0038605648519023,1.00277731739647
0.00343416906716231,0.001857586351857,1.00107679403013,0.00456687582051906,1.00382585898246,0.00179886152557493,0.0162001686567802,0.00390456058429691,0.992066163324183
-0.00625390214035103,0.993806519107078,0.994443281465905,0.0127642865918273,1.01220467615642,1.00572581041016,0.998480453100807,0.991734838502833,0.0136935911030958
0.0090503727001749,0.00503045943247287,0.997786226813757,0.00719372519322168,1.00029356106511,0.00316091554281959,0.998495115307285,0.0131890440573278,0.0150248631332158
1.00093741046696,0.00376035296055961,1.00158647520851,0.994403984517635,0.00429814839690233,0.00132425933127933,0.0050557614084303,0.0114596325647533,0.00586725011784267
0.0437254758098664,0.0335242489406272,0.999150789669442,0.0401537876344772,1.00084917044299,0.0467210421815039,0.0310878058539629,0.0015487325613303,0.0426854979149728
0.996872518680892,-0.0101932269385928,0.00782644898037593,0.017670869173717,0.01000933828612,0.00972083367243093,0.0124280552949719,0.0036820610119098,0.00387791953698137
1.00657423544796,0.00484615437080137,0.998183462616691,0.992078243406049,1.00408282275581,0.996344685893378,1.00109894193253,1.00150844508002,0.997053350931049
0.988960850775328,-0.00568238545395934,0.00804666622762255,0.0203048957283089,0.0131489604391355,0.0132005232289557,1.00731048332641,0.000131887828130454,0.0117846390301402
0.996965478690668,0.992075658576971,0.996965809662596,1.00744315207871,0.99723376082219,0.00604388056032832,1.00000127985262,1.00085364021808,1.00513140242642
0.00904703823960593,0.00437864390013756,1.00076044150174,0.000666792582972455,1.00101508354154,0.994559913450183,1.00194062272258,0.998798424214497,0.00811994839925896
0.00467199556238446,8.65965814539459e-05,1.00172220095662,0.00623417205594045,0.0192276642207811,0.995327600627111,0.0235058168474209,-0.00664063669680032,0.0168976925578997
0.997509521325045,0.00843850755560411,0.00699182858200599,0.0108887039177519,0.0149184063014095,0.0123493731366305,0.0121858931685296,-0.000607058404235448,0.0132955898338777
0.0048316789483077,0.00867169398881515,0.999515344876744,0.00343080987964092,1.01035211706755,0.00296642558029711,0.0098367137680153,0.00274899455660111,0.987058121875976
-0.00443350317004897,-1.00393061635945,0.997322277678653,0.0044380407418199,0.00272124053653926,1.00111571826381,1.00015728004313,0.995844597140356,0.998273544796415
-0.00271647377756832,0.00213375533798756,0.99857560708651,0.0101278737570573,0.997441131971293,0.0070099318320808,0.99843230215585,-0.00185005459027531,1.00235849108483
1.00199910047849,0.00786604587906344,1.00196358922699,0.996074242270019,0.99827897102297,-0.00231907523800445,0.997683965944403,0.00205920363108307,1.00064789919039
0.00817918246158516,0.00485479513648327,0.0142194724692421,1.00410445458717,0.992504117475605,-0.00174920972429641,0.00627560562978378,0.00578024097022243,0.00602620758428566
0.999419295621993,0.00228600148956417,0.00950894451903193,0.00370188127674733,1.00340822683745,1.00099785462308,0.00889241256079121,0.992847932289141,-0.00194271446031984
0.990235577297282,0.00500614650404292,1.01509440094523,0.0132979403312789,0.991474002469267,-0.000137176353311893,0.0086344899314338,0.0135986206773409,-0.00238237628587832
-0.00535979707601049,-0.000552420945296004,0.998802748643817,0.00933126734031399,0.00137601644755074,0.00159924866431527,0.00725176909321397,-0.00125096492201355,0.00670506589497058
0.00655393549506134,0.99968271898564,0.00422187404325382,0.999533268735399,0.998899908321513,-0.000329783352432894,0.998612953172014,0.00669574124475978,0.00642501487744904
0.010260768923781,0.00378316807124648,0.00689714735362919,0.0122380448814198,0.00481280297207611,0.00462641299786164,0.0164061526412283,-0.00572333465534895,0.998385937857053
0.030617411799233,0.0194943751272152,0.0312175491239927,0.0363653221471517,0.0105801179166358,0.0206038185084087,0.0258171623488099,0.0141066719628664,0.0302843125994892
1.0013716591805,0.00210573266332152,0.00902576433723142,0.000293982836514374,1.00887997927044,1.00203286098034,0.992785484354435,0.991966688583142,0.00706278202070687
1.00583873126188,1.00228525867493,0.016539360032779,0.99363692520852,0.00798921963885644,0.994873980264753,1.00126728489301,0.0160486923411105,0.998445876188812
0.00331820401005199,0.000670930184520603,1.00254788500515,0.00771379708474194,1.00843524922146,0.015486594124313,0.998719402803528,0.988062383193812,0.998865402730878
0.0166916950944355,0.013627281060488,0.00811125066463617,1.00287832451147,0.00597802578051523,0.993491980811868,0.0105788538658589,0.0138367217017131,0.0207800197947598
0.00203709350724821,0.99675438970635,1.00335249357826,0.00127897495749891,0.00346368798190685,0.994391973143656,0.99911660304372,0.00351366724307384,1.00310691697982
0.985915344585603,-0.00535679817138871,0.00258926977983189,0.00780211420812306,-0.00698519613653405,-0.993465949000708,0.00047449042483238,1.02430883016995,0.992754814961005
-0.0025631273898382,-0.00602779963766044,1.02460641558161,0.00542593980789276,0.971911442577578,-0.00631428741538064,0.0047412713805368,0.0203027537531944,0.0067384775353489
0.994709253780817,0.00540307869550311,0.995488468552302,0.990007062272525,1.01281575579416,0.00596776490745425,1.00415605418825,-0.00106729022645543,0.00494528553573306
0.0110507820993367,0.00880897708378918,1.00845676702461,0.000877440727792011,0.0103359632034117,0.992825748988771,0.00587223261408576,0.995669418526287,0.00558175113113099
0.0128048326649101,0.00413318757265106,0.998845056548183,0.0240182281453116,1.0011549781523,0.00299618297370782,0.0553526630604512,-0.00517114782907929,0.0149717995110776
0.00927082981711137,0.00667878812618986,1.02756455729987,0.988800278899429,0.00436633527223087,-0.000825741094045327,-0.990158168934045,0.989124540497298,-0.0106268982823997
0.0104599182035774,0.00705902672906475,0.0131411910214729,0.00543608485084845,1.00360922048249,-0.000680590385404609,0.00822807704063722,0.00516085442643384,0.993204515051175
0.999095696851932,-0.00169218274946012,0.00241257584162826,1.00056980804004,0.999308408155486,-0.000317334433248865,-0.00109120105359936,0.997796758077211,0.999579299303522
0.997732857688106,-0.00503166599086734,1.00233473190969,0.00970253892060746,0.00295547212144052,0.00373467722876329,0.996902353223285,0.00493995075426285,0.99983049891333
0.00275892879838979,-0.994867437570742,0.997092995907251,1.00472367919879,0.00169036926842678,-0.993913165641712,0.00514162888900279,1.0059143157592,0.00836326707920272
0.997867761027633,0.0104954648838075,0.0140757367230685,0.00460669187873469,0.00856265416673111,0.00124491359794411,0.0103648717773328,0.00589478741954219,0.0113841959611787
0.00235687962025042,0.996892788375692,0.00459549291878829,1.00020392171322,0.00148309269838368,-0.0011452141896487,0.999601976085556,0.00467404700164715,0.999820431666944
1.00877846524323,0.00291081285252724,0.0160787870221302,0.994956507415903,1.00108341561764,0.991807179870783,0.00915918344627005,0.00685428814824916,0.00518907811642575
1.00131523275099,0.0109792212649659,1.00864397850616,0.00699327575581296,0.99579036403349,0.00646178607664553,0.99104901691413,0.00659371892098602,0.0113897352743539
1.00754540214067,0.00503705848471189,0.00898588407614812,0.00520638766608184,0.994459484937371,0.99405091102628,-0.00144574626950089,1.00068810235456,-0.00134876289667079
0.00176434683382386,0.996679021570351,1.00020990710235,0.0130838816898059,0.998003757545575,0.00322871730937092,1.00181204545776,0.00204744768585252,0.00784015910353229
0.0383536387669621,0.046735186475842,0.0393074172417335,0.0551783092557137,0.0237167702018503,0.00764871964099534,0.0186712514663985,0.0023813979405046,0.0468368837011943
0.00748827619575344,-0.000992776157207949,0.00530585692913549,0.0121183037093882,0.0167145960768499,0.0172271088046531,0.00793007833597622,0.996537247671313,0.0136847197148978
0.000292623061404137,0.00502164836663411,0.998800949589943,-0.00179545001561475,0.0132208190195633,0.0017436990382246,0.00176154538457946,-0.000877249586433656,-0.00488634970389312
0.00868373790777641,-0.000207331599880524,0.0051114640864314,0.000588474662959484,1.00459043106874,-0.00275874325808365,0.00860142574337715,0.9923899665299,0.0042956330527712
0.013865011332941,0.0132183456713302,0.0386377406777484,0.0165482574923293,-0.00272893763354584,-0.0241599950060491,0.0423772342412654,-0.00909588935475628,0.00580917053219313
0.000117232874978986,0.00176019689875555,1.00997305751383,0.0055778029282881,-0.990185080601572,0.00296915581922678,-0.000928582527484091,-0.00165960936250629,0.996337829616424
1.00496894780331,0.0102853259145533,1.00763378955614,0.993670873533949,0.00955304923175818,1.00026786618486,0.998923620032735,0.99749863103841,0.993569859334063
1.0007633635571,0.00826608299751343,1.00044136864253,0.00749933521966825,0.996969534209734,0.00811704946583361,0.00410828105103108,0.00476544035662681,0.998751430516713
1.0031313041634,0.00892332193701249,1.00527985132358,0.994440157763214,1.00856816861926,1.00182297174392,0.998916872838857,0.992971849353644,0.991471331457257
0.00965397741767397,0.0109143522915956,0.0112005610542356,0.000885187086668334,1.0125705658937,0.000150475239651527,0.98380279318215,0.004108845787711,0.00554582366517967
0.999242786130571,-0.000333113510288752,-0.00106944887935529,0.000538063570383083,-0.00412203593509942,0.00152434480913503,0.0106401111637563,0.00660482420390398,0.0111544499119409
0.00722495580987829,1.00129078290848,0.99621573495986,0.992780664234019,1.0120604826541,0.994124859760774,0.0141685087961554,0.0033557454367632,0.00530880316884644
0.000176136331872336,0.000106013952495357,-0.000246548455470514,0.00045573158824117,0.000279883514491675,0.000245253939142825,0.000243548916345265,0.00042193732206248,1.00176868117868
0.0192534461994599,0.00630419129406477,0.00434962780410617,-0.0114449125215282,0.990372871005717,-0.00161488186090092,1.00674327088569,0.00376047391375858,0.0109347837414018
0.995957835135687,0.0006884860570378,0.999701214020236,0.00675031507390488,0.0147094646505174,0.0111525906072715,1.00903343456421,-0.00160079768818157,0.99191571908929
1.00534454169649,0.998076538531714,0.0042069599787369,0.00758645890926644,0.995417976377559,0.997454611416571,0.00800794900107318,0.0111260089926885,0.0115771802432442
1.00017575836782,-0.000449715382576833,0.998331965970327,0.00531934125175715,0.998547944193857,0.00475015416185981,0.999811330429038,0.00248200857913842,0.99980172788237
0.0137461170749185,0.00297538725055358,0.99399140015743,0.0053766188591731,0.994688287168473,0.00273214574729783,0.996202871235667,-0.00017870484452465,1.01221838356524
0.011023281405755,0.00165063791950214,1.01266419160635,0.00109243414753058,1.00874457403715,0.0105215583457934,0.00458484586096753,0.987765433741913,0.987185165783361
1.00389104438962,0.996015884160758,1.0112958228848,0.000108812773056037,1.00352578493436,0.00233580333292903,0.989315589070601,0.992594700436639,0.000994872212724116
0.00500800448253435,0.996020402523096,1.00316387537357,0.00545510234231721,1.00725596184322,0.0104305458579121,0.998157414032634,0.994127754526791,0.997971058221603
0.00443889334444035,-0.00032300516321106,1.00203550666638,0.00147948292113917,0.998153114678511,0.993151577782413,1.00997108721294,0.00630910522141103,0.993498363873135
0.00792422707648382,0.00677885173040568,1.00256380649902,-0.00213578500621511,1.00032356995553,-0.00599490298769832,0.99691419065325,0.00222045959788515,0.997173446511871
0.0349898689751284,0.0111880986525935,0.999103501732053,-0.00722461196584309,0.997300084074799,0.00659680630492069,0.0132171642716228,0.0111273398550938,0.0190613865013141
0.00635523596455239,0.999469963293962,0.0084089103594025,0.00218348340945622,0.999866348313601,0.000599006353519929,0.998467223267431,0.00516823889841234,0.99872805028118
1.00934176809761,0.0107621218905432,0.0189507180617345,0.00354598863547722,0.998189040080467,1.00790037596441,1.00060721044773,0.0141993896548337,-0.980542203477947
0.996803446121794,-0.000469294958386105,0.00447890087733376,0.999588283330812,1.00972640026407,0.00104617129590022,0.998181868337878,-0.992473225919407,0.0107711479746921
0.997713026367864,0.995367942379156,0.994321441878245,1.0055141439235,1.00129491523772,1.00074347855363,1.00094778016094,1.00082768533899,0.00883642465720693
1.00323737330714,0.989387772209395,1.00311002810827,0.00517207939350633,1.0009770925303,0.00499366861324983,0.00817348256347502,0.00328664138085106,0.0078184792140837
0.0113358650143075,0.00710215658308855,1.00893424473247,0.00471838960961841,0.995885689452964,0.00197745487968331,0.0110323589249898,0.00913688266268885,0.991982180288555
0.0053631320182232,0.00897318077573085,1.00107687440315,0.998746021736962,1.00492165228896,0.00506047699084129,0.00843489912114662,0.994541518521373,0.997245820784409
1.00121180775759,-0.000879621170218284,1.00414116420554,0.00850300704698616,0.993892381769434,0.0040627648862064,0.00999328455299036,0.00699487155057197,0.997399367620485
1.00189665256956,0.00322398276536859,0.0134155811036417,0.0073521552248419,0.999400215482012,0.00498315423705197,0.00632143004815458,0.00254779719849119,0.995412124025803
0.010367492645761,0.0182699925995356,0.970306370087775,0.00831740463043626,1.02969359442949,0.0140418491353357,0.0506566293585849,0.0245502038755091,0.0397460747873094
0.00865801141121172,0.0427334978332926,0.0188717551541341,0.0333925325977061,0.0163273982735369,0.0192372221881239,0.0149172838048161,0.0136046207625424,0.0249584266733839
0.0269570440591958,1.00968621423554,0.998768374644367,-0.0132737916447768,0.00345209058942713,-0.00188488200459582,0.00442017175338006,0.0105532386320538,0.987725881154366
1.00887164397605,0.0118982601666324,0.0090171437496096,0.99390894860694,0.993603125372599,-0.00247305282313814,0.00385623648516719,0.0119448033715334,0.0110350146141633
0.00521373195255805,0.00274645365501724,1.00253462239718,0.000953553508906427,1.01023694577311,0.00801955358888202,0.999385016844261,0.991413161365606,0.993173723070772
0.00386055830615814,0.00935011499078363,1.00990007445016,0.00245770975793671,0.99150303608614,0.00291664121232153,0.996850774646606,0.00387947801162856,0.000248249320399355
1.02918669528732,0.98875351769762,0.00822930267155324,-0.00618093788082576,-0.000626703615248878,-0.989920258521177,0.00349912546670336,-0.00144557793886707,0.988112291435303
0.00422997356757405,0.000888293434275777,1.00030527505504,-0.000751498684937167,1.00022719929313,-0.00651293310280701,0.996944770588559,0.00470320666072466,0.999084460281599
0.0114174224105694,1.00655150228971,0.997185841067255,0.991766260199626,1.00242546932119,0.995126209186344,0.007266244549993,1.00361328186252,0.00449685134598386
0.0349032254652302,0.0316622765007527,0.0529525011898169,0.0418315280431123,0.0260288902797624,0.0128042633310233,0.0328553159165913,0.0124271438708782,0.0383280839743509
0.0104984364293011,-0.00078366901219706,0.997691245053622,0.00363592381945362,0.998082776666582,-0.00172133195060002,1.00140769962484,0.0102469418016761,0.00908218140282439
0.0273389401470075,0.0240307218365845,0.0266418581105544,0.040332936737969,0.0354378737967886,0.0247216319233968,0.0458718947422339,0.0297530351008994,0.0414717573816733
-0.000535205587614554,-0.00133644592994197,0.998435355224404,0.00550893716106734,0.998786661000359,0.00478190573473328,0.00820672692837552,0.0028010117590575,0.99957969146437
0.0108019233619276,0.00904165496813003,0.00999014247140801,0.995814092397385,0.00427014643221501,0.999573326001043,0.99902757823718,1.00150421767789,1.00049279171378
0.999685650278832,0.00214321828548071,0.997820544152564,1.00460312941906,1.00778493554389,-0.986781051920926,1.00009834946287,0.00276107889886685,0.00970621307139177
0.0189895092724066,1.00282181844024,1.047066705066,0.985402232538705,-0.0114317721852332,0.976830676345996,0.979564193065245,0.0132462759569017,-1.0009959741066
0.00623107756742686,0.997377610024557,1.00455602479004,0.00503578831171609,1.00845405398028,0.00214207570543,0.995813719549586,0.00445307593342043,0.990805195489692
1.00898562780578,0.0109276802434665,0.014815584716603,0.00386073307878625,0.0149874061768154,0.015999535780357,0.987746714013254,-0.00307067458995707,0.00949956215574787
-0.00228516403841263,0.000640501622935463,1.00467512357057,0.00487962389253347,0.997072362705258,0.0102497285157625,0.99524590694117,0.00224654907223898,0.00641138735417833
0.0303459947816079,0.00736315776440311,0.0340572282544573,0.0338695259713846,0.0495542319387508,0.0129161961758554,0.0504683263669721,0.0183948986580477,0.0273965446165709
-0.00623485340647276,-0.000783933229952131,0.999972520555015,0.00805360812451828,0.99552836065246,1.00181180484443,0.00380598540587388,-0.00383460154830704,-0.00445457596432139
0.0031789563003534,0.992663173777168,1.01147587754344,0.00637160121500923,1.00426663187412,0.00792507885611337,0.00423957198927973,0.988466617411234,-0.00174509993165267
0.00278154119359002,0.00409184408356253,-0.000658743652413883,-0.00499719812113847,1.00053397183154,0.997380153442788,0.998479183490102,0.00116420189595516,0.000270440870123404
0.00857994266250467,0.996117448713164,0.999813094510536,0.0092598874883473,0.0106861629497473,0.0147587212859863,1.00113979762836,-0.00357582086659643,0.999930518203912
0.0537200218099919,0.0109594321194107,0.0403291274346912,0.043143107223902,0.0434781856830125,0.0300469662604759,0.0404131727065434,0.0188077216923586,0.0426318982838703
1.00472198895551,0.997423302036343,1.0048914900794,0.995361871535778,0.00505878682884987,0.00359874253827432,0.994446051414475,0.00259092965901151,0.00378760317078162
0.00504205329363468,1.0034141604579,0.99861461823734,0.998996152347809,1.00005348222935,0.00822268935783853,0.996173725784754,0.999435464903518,0.00998394772984558
0.0134724976625884,0.00547745218129603,0.0180370589898279,0.00890170720833047,1.00537896549409,0.00565320439684852,0.00432048971484388,-0.00358983730361614,0.991063991865524
0.998394075115379,0.993887545794445,1.00688272730526,1.00106422650638,1.00504121084555,0.00684344642244577,1.0000268354687,0.000534197808524711,0.991507099254247
-0.00645091463129609,0.0197764297028387,0.0322233412839696,0.0221263399678475,0.0260634896880049,-0.00554388249622059,0.0279175438607617,0.00773400510955852,0.00341328114510364
0.000558174254044212,0.00830022295882063,-0.00462434077310373,0.984521970633287,1.03169558887547,0.00994512802948205,0.00906586712298192,0.978819000901486,-0.00242184789528019
0.99924179414545,0.002920929009142,0.0110458182897525,1.00032223823765,0.99732365607564,0.000105189227074162,0.00722073954600309,0.0078007519146109,0.00391084510794371
0.00139021785554381,-0.00130478960626747,0.013100917702029,1.00654083886068,0.994992133843989,0.00262981368285241,1.00532445342458,0.996132737535116,0.993868871348865
0.997073646332169,0.996451510206161,1.00178482367734,1.00251529421204,1.00103265138897,0.994268251861222,1.00350715806003,0.0089609031762953,0.00582786213309292
0.00227290473942776,0.000936335819488722,0.997914246460449,0.00776270598279715,1.00586255108131,0.010547346279118,0.0158511991372332,3.85741070154693e-05,0.992921016820179
0.999905113083823,0.998247581250143,0.00297089204606071,0.00253146345080161,0.00389895342186611,0.00621987848898046,0.00617118083051917,0.996833094351207,1.00159724724877
0.0435775312397249,-0.0142334453032995,0.0103480540118495,0.0405944308731731,0.0115567644435583,0.022017352219509,0.028780134571441,0.0705497121711771,0.0232388908695453
0.0189896954308782,0.014986660187022,1.00467162527696,0.0191035129101877,0.991040198148769,-0.00463976132133123,0.0163817900709189,0.0384732383196259,0.0126952718849023
0.00429204811100383,0.00434161722242565,1.00872100785142,-0.00395792203964198,0.992342228639152,0.00342241166796859,0.000570735600306935,0.99702807990538,-0.00391869930302562
-0.00515821940026494,0.000723453149225422,0.00470721782161541,-0.00329184591708747,-0.00442413666939486,0.00165313152703013,-0.00457433051678954,-0.00347225900094385,0.999148206058048
0.99922558796838,0.00272144155205639,-0.00153388105655014,0.99899333591797,1.0048978513597,0.00306366067834338,0.998001642267314,0.995489200421656,0.00894895056305279
-0.00320905872230577,0.992346572467995,0.990616011906518,0.00395692982102919,1.01709310183808,0.999721405387994,0.996541698246929,-0.000456700909499857,0.00382013188417089
0.0181882313004979,0.012692255817148,0.0205881890764812,0.00174402680371074,1.00062143773485,-0.00143992011692906,0.00439841729801056,0.00832945264410018,0.995592732254099
0.0129574039457096,1.00877682794877,0.991025539163868,-0.00204848265613542,0.996829366440897,0.00384612568026345,0.00624129328705744,0.0107987116032265,0.0112297018956473
-0.00231400071583891,-0.00380876573114933,0.996051243713703,0.00415086813972924,1.00075048460656,0.000696773103344216,0.0073599472323328,-8.16080857886078e-05,0.00938280134487852
0.0101580236035263,0.998170277267191,1.00114731437391,0.995680070997328,1.00551763159014,0.999203083448788,0.997446544860402,0.999496482111199,0.00641314595819889
0.00315926363036466,0.00784016746029518,0.00402408417915478,0.993224381748739,1.00946915144875,0.00797015117723661,1.00237055960644,0.991615640511137,0.00430040423495477
0.995115310210912,0.00631586014186331,0.99679114116226,1.00458011223386,0.0121155366668264,0.00774477588701828,0.00906348138336651,0.00141820373973182,0.0116275665630115
0.995311761282669,-0.00191124255918924,1.00998895871465,0.00591861199432868,0.00913689153566105,0.998010030660291,0.0102016203388778,-0.0012136702229158,0.993210922495144
0.991478201365645,0.987117155723769,0.0083037240534161,1.00374107533943,1.01404801439906,0.00930748934519778,0.0152574429614911,-0.00329393196352465,0.00728971877054716
0.0021579945817516,1.00087380535655,0.00605782926747151,0.00756112928461278,1.00062913590957,0.00508150844086967,0.995308626649418,0.00393604524931728,0.00425581832805538
-0.0050892935613778,0.023067328497203,0.0097941828643542,-0.00977052730023633,0.0460735472553128,0.00837775351920805,-0.00805156466733877,0.0193839751428882,0.00118005012555441
0.981841211245784,-0.00743944098499943,-0.00616595035371293,0.00479550093143999,0.0119985010727362,0.00350205772850244,1.02723989220553,-0.0112650003487296,0.986347334643646
1.00506507708693,0.995317148021519,0.997070222082102,0.997617925486811,0.999368797310759,0.00804071763959637,1.00656375614721,0.997443744648496,0.998393850736758
0.0271662737114772,0.0125961657979198,0.0268882799725637,0.0135383219316164,0.0432693111375419,0.0366017348705306,0.0368927400109193,0.0317397995836613,0.0475970708337578
0.997541669826613,-0.00238845354007869,1.00081457250129,1.00227495858883,-0.994221256693808,1.00152369995554,1.00298166258446,0.997319639062422,0.0023841900249454
0.0054986109899473,0.0073900516599826,0.0113680456592661,0.000680789436193119,0.998926248460012,0.00982910337608747,0.00304291988430769,-0.00286534082749412,0.00184034463915507
1.007958774492,0.999601746694315,0.0107336597500744,0.99376718730492,0.00991047613598578,9.68219093684141e-05,0.995406189397555,0.00388767746332997,0.0054741487151538
0.00631560432946744,0.0103510289316131,0.997781502569112,0.00904024421243826,0.0165210812087939,0.00649285981376138,0.011467788548119,0.0153487177183335,0.00505641697641983
0.00248595507399567,1.00420177280277,0.992305978755023,-0.00247313105540109,1.0109154070858,0.0124569967789836,0.996058852655162,0.993260245634057,0.0122031331448856
0.0128593556419984,0.00987708681686782,1.00632847971121,-0.00148203484794575,0.997442302523381,-0.00267643031510776,0.99446623171973,0.00588710740615218,0.998378025146767
1.00768225253174,0.00557551754257471,0.0169831044504113,0.0149781860323936,0.988897172298488,0.00649000432462309,0.0133925468754368,0.0162957759687071,0.0264238387433435
0.000579855744066245,0.992340084268431,1.00249602656963,0.00958679602413755,1.00084565046448,1.00106150720034,0.00771897374833834,0.999881625484003,0.00939254013737568
-0.00132296962138577,-0.000139428372898673,0.00160119496460123,0.00296088866661452,1.00546965592597,0.0178088818210662,0.997148487570708,-0.00945661571279911,0.994995726651628
0.0183015343135273,0.00491075609432602,1.009424294553,-0.00255584208602157,0.999232949145518,0.992946066276516,0.0063247671381342,1.00367596606105,0.991161975648843
1.01326289668744,0.00494287747145973,0.0171635579794902,-0.00200306735975517,0.0122822292839742,0.00295461562332166,0.010568333119094,-0.00142772718480539,0.9836048448981
0.00692919835648845,0.0055055854672072,1.00205597116182,-6.39825576928623e-05,0.00664334495290312,0.991311231407761,1.00390791283519,0.00801054566515147,0.999360686183561
1.00370715024337,0.00965365448067057,1.00700326149792,0.995025255234308,0.00998693282354391,0.00485161605244694,0.99072507687531,-0.00287870693598138,0.00556403652331816
-0.0139673126943081,0.0117050713246541,0.0169500259636967,0.00416104838850598,1.05517841023574,0.0221102408832421,0.944821561206834,0.00355267711888496,-0.00474047288868941
0.00533888977618225,0.00692164203163381,1.0063275479646,0.992011951334334,1.0064862409623,-0.00232273791753802,0.991545757149083,-0.00154890345216227,-0.00547925889507724
1.0024265002893,0.00681723552610609,0.00993569193928722,0.00635851399786911,0.995064975837463,0.0010512349388558,0.00222269500358396,0.00968900367192281,0.99911143663731
0.0530801559398943,0.00228330181388197,0.0322659721783602,0.0283496288375093,0.0256341067552923,0.0256387503365586,0.0525859654831033,0.0273458985738845,0.0445668433663409
0.990200151112776,0.984046153587865,-0.00816821561935388,1.00147981972061,0.994459559667283,0.000840338998568307,1.02561798338355,0.000664877033951202,-0.00178876216402619
0.996806567346149,-0.00927679070070152,1.0010730079557,0.00276442539944092,1.00042199827671,0.00464909205343092,0.00398244393584986,0.00278545446975094,0.0104254566915799
0.998370764345242,-0.00661077351219841,0.00730289257987051,0.00574909425894709,0.000397663548432882,-0.000742236542497003,0.998351001806851,0.00672590982702488,0.003281180115608
0.99952285867679,-0.992116386153894,0.00990084668970009,0.00741872350012604,1.005568172174,0.00529810688414051,1.00088185413398,0.998570699457728,0.00570054812034857
0.0153436990116232,-0.00359234952530116,0.00293996057518389,0.00901984000938572,0.989138020046165,-0.000697025669299105,1.00761578197461,0.014417647700179,0.00609871324728343
-0.0012471841026581,0.00501955982403098,0.999187140966548,0.00406068457175339,0.00236719828632155,0.00962253773637596,0.00949412643769422,0.0117575960767403,0.00187229545597447
-0.000406011522988693,-0.00833178380164323,0.00408235688499425,0.996913194286734,0.0184907502292845,0.00697106822208224,0.0217700227392063,-0.00428674516823167,0.0115761931827423
0.00918489913666173,0.00731990343511348,1.02405847177213,-0.00232748334894027,0.0120666312856238,-0.00505615879047082,0.0105574278544656,-0.00566677240139359,0.971706786620887
-0.00698807559636163,-0.0120131183726076,0.0211481712605692,0.0359655202765323,0.0363789576415192,0.0123230535458095,0.00544678954105446,0.0397695794734417,0.0193635312315161
1.0024445315722,0.996949781736818,0.998074759650421,0.996394946757619,1.00724564863038,0.0049993264623917,1.0017460372714,0.00563255472822692,0.994175653164255
1.00968684310366,0.00683992971138364,1.00765036879172,-0.00132123929182562,0.994509375390802,-0.00877895613662761,1.0015619034676,-0.983719266949173,0.999457072870588
0.99732025892974,-0.00332148088532617,-0.000918951612440089,0.000472846241711529,0.0185613810563135,0.00278850917188578,0.0133126596057696,-0.0140312939799409,0.00632105829193537
0.00154204788508718,-0.00231848113825865,0.994699735704837,0.00872003692566344,1.00207980748136,0.000578379405859032,0.0078436350294896,0.00857906515819159,0.00802835924998394
-0.00433727061378855,0.00152926640036584,1.02106038589562,0.00839852832796946,0.97893965702722,0.0548276232760112,0.0118865245828716,-0.0032910750521614,-0.00461773436342927
1.00005264645235,-0.000167885002318483,0.00646801609427531,0.0110997615779026,0.994393172666324,0.994151721218802,0.0121583953777775,1.00802714273934,0.00573025950511687
0.993611772353966,0.998274468551313,0.998570054880125,0.010794661313338,0.00534298789654006,0.0078352219023837,0.996975073976765,0.002142728378587,1.00901770389548
0.0138907269215878,0.00285188689748522,1.0079840159869,0.000667347778561334,0.992167456402086,-0.00625271780655629,0.00159489101934917,0.00256643383073958,0.997017490901811
0.00551239474796347,-0.00309773642038944,1.00188131519208,0.00609142279019644,0.998272398201025,0.997502242086532,1.00249904764453,1.0025248561545,0.994214514716286
1.00913425141098,0.00521330746120012,0.999736188624737,0.98986433845725,1.0022540237356,0.00139760514248687,0.00939398701971879,0.00175065102195253,0.995702667936983
0.995836731444721,0.992703701092233,0.998884193428691,1.00393574445975,1.00343388888167,0.00565022199573055,0.0115556773439548,0.998054837577741,1.00374074971104
0.998965026883532,0.993285134139532,1.00167814649545,0.00611479895104977,0.998675418682063,1.00129131638475,0.00891930098912063,1.00264561102184,0.00499425881346029
0.991398627383184,-0.00119006425536499,-0.00363236130813383,0.0174710202893851,1.00538714181429,0.0109342590368093,0.00996146934888811,-6.94278630403343e-05,0.0205756301266905
0.994506624219384,0.00188480658538337,0.0128038898855562,0.0146905351612359,1.0029488886641,0.999106340628077,0.0115638728939886,0.00261974600960595,0.0130651184090545
0.00159968007934419,-0.00525420193681606,0.0129280165495248,0.0219553889710814,0.0143803107879992,0.00255109599960174,0.00900244627663669,0.00299954569277498,0.00604020033477157
1.0026107645378,0.00452191316217321,1.00274848200654,0.997944602500961,0.00426968632704442,0.997231512611728,1.00065298836832,1.00050093340748,-0.994743550751613
0.017619519229477,0.00296631883419603,0.987109898117217,0.00463170896415829,1.00898496410439,0.0117699410111656,0.0206448483244275,0.0133199701321793,0.0218280110982221
