0.194885744262889,0.234089857691867,0.0638669067985629,0.35051577664314,0.223035831766982,0.0936672129874679,0.295209735220818,0.131271450780387,-0.0687524586983809
0.152643225910511,0.0762909430013557,0.622185445570098,0.169248671290741,0.192607162943151,0.141040747751596,0.200955617497454,0.0255477931198092,0.0637750026939274
0.160465955957499,0.212358580893615,0.442819113525006,-0.0327182569014461,0.00865814686917564,0.443841897277858,0.141743420427656,0.228100866367811,0.139252660471218
0.176090306043769,0.330440264226241,0.368704646040998,0.247089539002716,0.22608096056107,0.036323874227085,0.289938954755109,0.193173467022734,0.337603080648934
0.0663360655289496,0.223005406560847,0.282753633458162,0.0471709230383779,0.313675556404493,0.248955434584536,0.321506557563597,0.220970019255285,0.183968213182696
0.123490083160157,0.101617023048232,0.527674920753479,0.111775849628238,0.327050975923053,0.0201847542077684,0.237662202030603,-0.0657605320749494,0.105713037124687
0.258302615557005,-0.286545261019043,0.0718179558943655,0.091140733782401,-0.0547259773062945,0.0910894093481185,0.00305293493836413,-0.323558055178263,-0.0200955368918681
0.582751851628571,0.177155670268841,0.16247740825924,0.185315825322351,0.122663649415323,0.118912731276983,0.140672162202672,0.035552344112607,0.203751328378421
0.0787349144589842,0.191088946766045,0.223127311758802,0.0961932090279154,0.04083553574612,0.157294171417671,0.118313543530035,0.161014893390951,0.048388842885861
0.437031795933964,0.210621223520686,0.333927478254486,0.0856621580699746,0.161826434425815,0.18170103997851,0.127505689642113,0.154764403481741,0.275380931194278
0.149442809908243,0.076654471328807,0.0884860122845124,0.24410237983578,0.0493721553368792,-0.132748704036455,-0.0604645294872183,0.704880477522278,0.0987837082849183
0.115854484959089,-0.0299076582337589,0.647323413175892,0.00463336874945141,0.380179319979681,0.146295647424475,0.037810610180844,-0.0107618183194169,0.119926032105718
-0.000793953049775437,0.0267798312273722,0.368254050412649,-0.0172386442767624,0.400876689874863,0.0715957878828013,0.425481312085485,0.0745504295762503,0.0389829542908327
0.33254091920798,0.0973818047098401,0.362611041140567,0.268777454027542,0.282890917216321,0.401504973528021,0.383504987842727,0.234937993145949,0.292505712953218
0.0341798396231413,0.038827566292517,0.599019797041787,0.100705359313865,0.367835326400958,0.11805263909686,0.22902137529403,0.180035799850603,0.0288579244186917
0.206210467312704,0.366763171710429,0.12093984138671,0.290276283501066,0.212212134185828,0.355322906815719,0.217046462520922,0.331098488628784,0.143834762961035
0.32500307274585,-0.0124870905293105,0.305775958089968,0.15638659740623,0.562529057135757,0.0328527645268289,0.105127299959479,0.0145049064901686,0.0903689191686979
0.276554554204029,0.270688606190162,0.155768643341017,0.176271558334883,0.145038139138225,0.237118099294834,0.404075805788342,0.203330714021168,0.429815958405907
0.116477088166011,0.0288763296402588,0.0477904799487037,0.115819197841015,0.175849994935332,0.197041752112798,0.0783230678796194,0.655490434122571,0.11878429075357
0.185608654043933,0.0748238009347147,0.243497229871183,0.223324826778699,0.424764548250425,-0.0576169984025089,0.204331949208301,0.0512806266721754,0.223678267525667
0.593586975884734,0.0356962996159212,0.0147424760038564,-0.00203078739506139,0.149491588332327,0.135898653199812,0.0182796553134781,0.215098114926095,-0.0416688695129551
0.0770756553550932,0.291482244063725,-0.0698020314146718,0.125577469965611,0.0513123816039298,-0.0230952660791976,0.126435350758167,0.103454160747251,0.0722862859392747
0.225934881061508,0.161780302534814,0.0827771896688267,0.381571572518672,0.427668712937425,0.107552237839519,0.446338133684508,0.165773926628428,0.2568667893964
-0.00460614971063121,0.109249308872229,0.203511683747177,0.155331241425737,0.160523866619587,0.0161555509475783,0.333433532873111,0.282113302315281,0.253837961204532
0.0187225748273429,0.0645722558373182,0.137156252121044,0.136513165159687,0.360262509176414,-0.0207761533351994,0.410765036283454,0.125845625947004,0.0284179427432679
0.352508959446208,0.272251763730546,0.294547917700608,0.233436816173893,0.354871739397763,0.143559678671113,0.194830106635128,0.154694157340418,0.174456085954129
0.0671888234752685,-0.0173242860554387,0.387330528807294,-0.044762143115199,0.625342218784719,-0.111640774514928,0.564868509430834,-0.121651179123678,0.087418621704018
0.516665620597516,0.455689065099282,0.149140571208107,-0.0055819618720865,0.0256169071587794,0.217269292696925,0.10409585359119,0.15096472218586,0.0893952235305017
0.237439706635542,0.106515362270652,0.386028900793887,0.0202099159152234,0.435883234242895,0.204870334523456,0.281258682267457,0.263736887494962,0.0673752866137087
0.685357300637769,0.113298891759297,0.209769001271071,0.142167607165662,0.218976427490653,0.105482800015352,0.220363137854947,0.0135073613111881,0.340616861571183
0.113133097744118,0.0618682466226976,0.251859914921873,0.0726128716365883,0.597951225766408,0.0718068399587539,0.252406149465121,0.112113653086979,0.0287643855634978
0.31960561949688,0.494334100275659,-0.0181600777298013,0.196022331362103,0.165975122732188,0.015225800004362,0.0422911326078292,0.00349515258407303,0.137225306231311
0.248775011087612,0.22200401168303,0.239323270851056,0.17323481217198,0.154471914385651,0.369943391868977,0.289119366623402,0.284779884570789,0.282318431994397
0.0628219791224594,0.00552316045230611,0.205307036036972,0.0894255223538409,-0.0325176710078869,0.120677155842234,0.158345517467729,0.0172075273678984,0.159157990164344
0.211034795397986,0.0364892494396498,0.211496449357473,0.159223417587773,0.500434864743493,0.126316789396355,0.284261249606335,0.189828470091553,0.206268737463849
0.265355044187072,0.140296625472041,0.198641409690908,0.238928922662097,0.414733792234438,0.307654399866922,0.241921308097131,0.347828670715619,0.365550167532346
0.1732837253698,0.20857652576201,0.149721270728378,0.104639131522027,0.650739031653034,0.130048425222401,0.197320214535587,0.183408752367195,0.179436526689979
0.111122795773332,-0.0828542754011858,0.165879111262867,0.0468321214123492,0.677811365050476,0.0972770111396129,0.49331979470652,0.0941740284942095,-0.0489335157537014
0.182653854257667,-0.0355818866583248,0.233136250428727,0.0328889676123144,0.356522023993718,0.291103393896757,0.273867812665088,0.222918293885896,0.174654979036084
-0.111032377281864,0.0209428323191398,0.474493159091015,0.042335765041753,0.491589073532422,0.15546605498945,0.232784501359131,0.159314017331159,0.168484063209392
0.2381254914519,0.285934626283964,0.358452039871177,0.205554772549221,0.311000179503213,0.311012271399149,0.121022813411945,0.239456164134937,0.568749350375183
0.0132087184822447,0.0347804439131886,0.419121793850335,-0.00904245231559318,0.383275328894639,-0.0619278644541176,0.278202959921315,0.0296112363198936,0.0208189946772866
0.0762675968227374,0.0529190797091836,0.426894829365635,-0.0146559144661061,0.491583361312022,-0.0511596869397488,0.392889845575843,0.11806733313198,0.0311010003658222
0.415777778530496,0.335201719037417,0.225834088091908,0.469650612469599,0.287629985795329,0.0410885414333348,0.153685227050671,0.104349896837293,0.152024025076818
-0.101012040175952,0.00109438334300616,0.299191541282004,-0.0988430328009597,0.747255790484424,0.0549713244061515,0.0358139465846496,-0.0514365520561524,0.0302700242338319
0.466704663968654,0.362564203787299,0.0190655198074376,0.12606140399432,0.0425628018573045,0.13651126208697,0.149104389811127,0.0215365296864869,0.062960986012844
0.264010012872179,0.17993862850697,0.299188025458482,0.173727652412912,0.229684464935244,0.164347911301065,0.24818738666474,0.147721729280586,0.235280296232597
0.0920710441479271,0.0733018647996427,0.3819946395064,0.0846424396209012,0.0789511299525616,0.44616318476776,0.206665362071672,0.0674886929411901,0.100741932526636
0.372626907773388,0.0576224047375749,0.388752984391942,0.0916482206129186,0.110828616401326,0.267302572051884,0.0567308596170859,0.0525305136660655,0.142015377113465
0.0189807552874309,-0.0408623090704613,0.303265336302919,0.34519594665526,0.382201657663121,0.407499646653582,0.248322713139584,0.0479848980744677,0.0500511945541901
0.721988876124889,0.0778882422139781,0.0422081720658363,-0.0700599589973225,-0.0392937757576208,0.0520728999110601,0.0387312790137615,0.127490107387837,0.000688303326767617
0.245002528675623,0.102727662391176,0.305295457537393,0.225502955531565,0.338386703966093,0.177106202033385,0.299423021541347,0.112011257857437,0.303869387323313
0.162224683289251,0.214611532763289,0.0983377139448374,0.168867281729283,0.320862155726235,0.257641652824854,0.0860410645272489,0.20073713155826,0.0640002577352958
0.104029042934666,0.0741354326426303,0.252836061941494,0.452067608450965,0.391666635257445,0.163093485957215,0.241002841878097,0.0906960485041977,0.0419480600159155
0.394970073046061,0.204169852514889,0.0329360593747713,0.21586943342642,0.528799410891434,0.111365633475842,0.29054023405912,0.0203236963272526,0.082364722651688
-0.0722444988997258,0.747097281911159,0.0642148012477435,-0.0648678235298867,-0.0323403770677591,0.0266892530918493,0.0886866030229699,0.066839321616448,0.0166643639915748
0.0448198467561758,0.0326564084561015,0.22269985501731,0.163117370173846,0.0965460404707338,0.0315845661015679,0.276815872469388,0.456125453165819,0.145872776612982
-0.0540574591549619,0.00706176569095739,0.168654949026622,-0.0643862791953452,0.763835340002938,0.0662470293144965,0.166470200960302,-0.0679900253106892,0.0735698066543784
0.146548301870528,0.373468845701074,0.129902534940251,0.136361615526331,0.182060214092452,0.0789352750306639,0.113552191619119,0.102537431955573,0.209376073081574
0.241393456692715,0.285663648239978,0.14952229894964,0.234147173796527,0.0734707518485931,0.234682066560104,0.215781873014001,0.200012231965692,0.250490226448467
0.245547482660963,0.0684225833938579,0.0142117689256209,0.16205913742806,0.665905599619083,0.0847236006967492,0.237646601526835,0.0735068205567455,0.0189117177063655
0.133566020482598,0.0572637702030267,0.100216625501037,0.163691077851287,0.577447082873527,0.357297994991839,0.186554588139843,0.042214140696587,0.0539918398334991
0.337374525371183,0.17657635228311,0.305911887100355,0.0671371108911739,0.307252591274952,0.344842115461207,0.270047734114747,0.358684589941747,0.263868378452151
0.241470854220339,0.189826047150899,0.336073800132494,0.0541684232007663,0.108454670031186,0.256363678733314,0.299349145196584,-0.0200346883580857,0.281523142338636
0.151591695218785,0.217650886886103,0.328311273376505,0.414268544480716,0.301745297031632,0.311547913779805,0.324259178555309,0.0801138218727026,0.217467976014733
0.692234825897946,0.114557439521181,0.227292232160531,0.18534224484459,0.0625112033985934,0.111850572052241,0.087327923495882,0.205973583706813,0.0854120692914083
-0.0383519770811537,0.0318636154713604,0.0788945323351816,0.0628301615684102,0.31443818263426,0.110070040026524,0.174150053487277,0.148682881587106,0.0429716464531233
0.231109970893143,0.300490571222897,0.140685481139188,0.299204998306816,0.261488159563975,0.153360461914408,0.198152645625875,0.278115269467547,0.175956326181886
0.366124177549788,0.0377260912582384,0.195548575208715,0.107820422624322,0.298213470508857,0.190918231811202,0.172176684714441,0.159283839222252,0.175615752162421
0.0777067610907993,0.108134187034903,0.0542919478683687,-0.00642744472550769,0.110550052478817,0.104600667479086,0.722572093543735,0.0265132418992483,0.144921591067561
0.0736967968837424,0.0605093014276591,0.0284137642728155,0.179206583187177,-0.0140661815442701,-0.104902235716122,-0.121822991075491,0.716048196827251,0.0961433455894004
0.126764289834509,0.223185936904399,0.26600428539644,0.216546240902137,0.629938084592661,0.0668614427899024,0.262226681207022,0.30706461422771,0.251303574646291
0.576901434400114,0.0899329079860567,0.0836711709773551,0.0688161771082997,0.195540967916143,0.323973245897832,0.0979611220544587,0.179974298766567,0.00446210502649912
0.649015887928632,0.255831777641164,0.0285692049865542,0.188347482523371,-0.0040458671748391,0.395588972663652,0.0655276372786405,0.14519362000064,0.0979823630280607
0.0655187463496442,-0.025300048902822,0.114489874961371,-0.0103743487755565,0.514853739902889,0.085612380059477,0.281218474212568,0.204562884814127,0.160579621530407
0.425675887739385,0.0504180027351679,0.0441968364934199,0.0511033289034148,0.192217377541416,0.32041680399578,0.0617070788696905,0.135455066295332,0.141239316602368
0.25189655089111,0.200008390386092,0.150111980764469,0.200086843444959,0.225022775986306,0.161473631768118,0.0776394318188582,0.299198107826849,0.265576822147793
-0.000657950947716298,-0.0513104845034633,0.457773813940513,0.157637997669166,0.388389931506459,-0.037864253532332,0.192869423246043,0.271173992605902,0.0841690171355815
0.208079065011269,0.0307945654294758,0.105790621443099,0.192303647922362,0.289914666622616,0.103360879244848,0.461025749884591,0.0969079195188817,0.22327138335366
0.252589072759794,0.329276957565558,0.0877326749828192,0.133220170531065,0.508052231282421,0.104757633310713,0.37699633487664,0.07004962842774,0.0822148357642028
0.109021827562168,-0.11727533472221,0.148857417651897,0.20795612018148,0.541520871249293,0.011070138899194,0.0916624909213596,0.228405497244568,-0.0189566695927879
0.449574081313373,0.0961378862689936,0.174476028067366,0.0631705460847036,0.114687138182118,0.140771898836304,0.220508681308677,0.38314787225526,0.0978153277189144
0.219308657993286,0.299414077241994,0.589211260823099,0.291823117814375,0.194060671141018,0.142167084839174,0.17564372422182,0.206830208533194,0.264057147914831
0.164359268123938,0.0352149699141288,0.310393070812852,0.0373072041361896,0.221996415516283,0.20241778942769,0.342729618371452,0.179318270003242,0.343445281339969
0.199758161078433,0.233436822093432,0.174863676453554,0.261375469219836,0.418812654330709,-0.0211332649810721,0.377763465247014,0.170918627026639,0.160612438198763
-0.0985027217268112,0.00212553210529551,0.124969325515383,0.00235758438843838,0.774646605614803,0.0852499278903589,0.156603592504681,0.0144816970725261,-0.0593371680136302
0.0533006316745781,0.117026624559286,0.603569001485328,0.124144961292306,0.425531207679583,0.117546253538918,0.176459436264955,-0.000719355848521564,0.239501667112186
0.185981934244117,0.186961216676096,0.339128228874737,0.124070738420698,0.293740756690819,0.22505836045323,0.0142622549286281,0.384045840620212,-0.0738823770230334
0.0443843735695054,0.00144750664494301,0.355345907602646,0.126975669566763,0.501936251311118,0.0840704718400954,0.329154003890015,0.198351792001679,0.151269538609586
-0.0287957669856178,0.0808557336309809,0.61168612625306,-0.036572752077644,0.0143645757759157,0.42826477625074,0.150412383546034,0.0268754294569023,0.0798261253348475
0.0454248564893546,0.0319750140393089,0.751196807377706,0.0502083533049255,-0.00476062093493978,-0.00406953071916366,-0.0393591672430595,0.0108801518870769,-0.0389067752950973
0.184739320263669,0.119052423217788,0.197463581488491,0.0182212557428994,0.411891223016304,0.062399792621864,0.344388976536002,0.182020979870474,0.25707219111992
0.198431823058182,0.0924225663872914,0.409387153670593,0.143721893907585,0.55331210522211,0.164969631242284,0.374368824603208,0.188344389938158,0.0938099260058188
0.489463723807285,0.112587712363071,0.319284089440642,-0.0418207019516336,0.0233213814028873,0.120426877476498,0.263968015092183,0.463128108439318,0.0760967909851718
0.175819161705965,0.311092730710891,0.278495687981573,0.185584015258018,0.254925030625604,0.161952455938354,0.214178549913902,0.0356881620291567,0.183508767104013
-0.0249146667153096,0.125761676558533,-0.0214889967975643,0.524425404131206,0.0533861103219392,0.0321123926595702,0.00144349908247649,0.0958481569256977,-0.0472723768486825
0.231661205059519,-0.0706364066367474,0.452976241098257,0.0440121429523226,0.395288115700084,0.0485160762837478,0.376795935877357,0.0530235974500605,0.0143061324089938
0.00477182136805818,0.111519629897139,0.259083245294007,0.248113419768243,0.305592272609051,0.218504198291373,0.295396403270146,0.57793497588011,0.0718861322629262
0.379984238493741,0.0159978722465537,0.128108975570295,0.246486076807835,0.177582024953541,0.165532267383585,0.208441715009781,0.364743250258819,0.0378965113146822
-0.112283997808212,0.113551005366063,-0.10299300241978,-0.0559059484338834,-0.0918167878636806,-0.143930850156949,-0.0728853565857045,-0.0935423482311421,0.11309679952473
0.252601057764075,0.153098543629686,0.226084283723859,0.277321175363065,0.373591767879533,0.19544385525437,0.12579318670722,0.169087452710754,0.293850006532774
0.209928309989834,0.407674691282216,0.310979337829113,0.189170859843151,0.396159658767171,0.0280040408470375,0.155058137674748,0.109831291128771,0.0409580176951228
-0.0299888879994027,-0.0248172541721234,0.17415961422641,0.0868999901681061,0.578481752351744,0.0242087336429019,0.437295333354665,0.0414942215090974,0.0256530674619121
0.2102110794462,0.150791170174056,0.252166493119536,0.115162853591263,0.395793656726245,0.195382233673919,0.294224998884848,0.19988350898577,0.302475739466044
0.254425650284911,0.267826923842934,0.139524829168129,0.253569758961699,0.495925630455741,0.110851440144935,0.272372615326011,0.41537673625112,0.143885985266858
0.431165393795597,0.219667033957246,0.145193457851968,0.166692782754724,0.210914968930179,0.138143759742442,0.112365607994003,0.279170463542343,0.171427310605549
0.53813283156983,0.118497473194683,0.169061073153791,0.291843144786972,0.308384952491991,0.228343080255346,0.0540848302961595,0.191723635249436,0.11320717502966
0.0156103500903044,0.32740689072629,0.172297024918522,0.113127059381782,0.379035388730333,0.237784521225808,0.032346954116912,0.0560140567634881,0.233484221461058
0.0218062145171893,0.00814772384610058,0.660824341242497,0.00761030402397022,0.0722087152947087,0.242703597471113,-0.0107594070892533,0.0491905977202065,0.101347076624523
0.273160299315391,0.176457406629018,0.240920613736742,-0.00629908145765161,0.173799508334523,0.235081969383327,0.242074343128623,0.252604115610578,0.17819363118173
0.0479975360592357,0.303204106223982,0.55210352790412,0.0687255315201997,0.246255826932134,-0.0141494185740944,0.12523171042134,-0.0397150650613873,0.152176859663434
0.0370198479368804,0.060781399882415,-0.00523173501954365,0.0785483044228309,0.766386678347194,-0.0127604043956079,0.046282733915322,-0.039379302092866,0.0514634554558069
0.1829794784607,0.153674707082175,0.105293839942953,0.250189356379953,0.690702691717767,0.116056799731114,0.195707969506843,0.264095592737508,0.0564745938588279
0.108328363925609,0.171545596310753,0.259322266304756,0.17089882770912,0.463665824898586,0.194988895644036,0.195698395135575,0.182934063639687,0.0656634396578323
0.340040624897564,-0.0392456860296412,0.0652542714681176,0.118416782524314,0.557795440154554,0.0564045940128144,0.486362564001796,0.0512668487666456,-0.0305488931517196
-0.0138660351698626,-0.0534700510173597,0.51287036444733,0.00899168217985892,0.0573878496316362,0.123052256690403,0.104999100732349,0.254541576048554,-0.102886502018246
0.138891162743489,0.0413321267137451,0.133596587427869,0.120295371024279,0.660769497067149,-0.0438159305439074,0.268507670867093,0.0245246800061748,0.0264296727808688
0.177076527140425,0.12874076061496,0.110365598656505,0.162626507889377,0.574105606951573,0.217056445303726,0.31911762033294,-0.103638185252712,-0.0253444729773963
0.312438378830385,0.0920258121469738,0.467698998009092,0.0362187228898551,0.456050192685399,0.138419431511159,0.406760861584102,0.135834581885916,-0.0932896504824361
0.0267431412868691,-0.0379210292251649,0.260607274621933,0.516580409205039,-0.0467534929468159,0.331604237160711,0.012135898266171,-0.0418258374826759,0.0112187242660784
0.372743758757518,0.230082269676886,0.328851365536788,0.219449850309888,0.217094316577184,0.175032535988884,0.270019267185356,0.200257051389333,0.366584487049466
0.217629839737675,0.176632881507324,0.125324887204135,0.0937037179494497,0.37125556373996,0.158284269026011,0.153511881189424,0.238635311620291,-0.061245728108468
0.629739551818707,0.114572294318896,0.0655597376812943,0.112586906937908,0.0614830977805639,-0.107341357933894,-0.00852673163804323,-0.103730147002715,0.0606752575918127
0.140780253608878,0.150495989205311,0.283768665468232,0.117434231956948,0.478630231480065,0.031672323166152,0.340607288137917,-0.0334340338121377,0.217481203372277
0.0454248637247984,0.0319750037459474,0.751196816458266,0.0502083521077822,-0.00476060979264122,-0.00406952399266639,-0.0393591673508255,0.0108801536866258,-0.0389067848159677
0.0903021638095252,-0.0904286681107149,0.66300579179861,0.089977902571033,0.477798419671815,0.233228938455617,0.0594612546401303,-0.0382092108511083,0.0144918642977191
0.685606203958994,0.102435182943325,0.127079383822351,-0.0699496503455386,-0.107279067389417,0.081940615521933,0.0886847885514368,0.197899628420659,0.0337167338037227
0.174034106777147,0.173357911668391,0.384748408322564,0.329919895204664,0.301229056954189,0.274445625107977,0.194572336791797,0.245215230067765,0.368739072370977
0.464505566038154,0.033948656683728,0.17966774602065,0.349178050982744,0.230558227831257,0.240747610685641,0.172571623800244,0.44891066515557,0.110203632061152
0.125939019310915,0.184830437663463,0.179603174439066,0.583575861803893,0.183680959500423,0.177250683925442,0.239134439048972,0.281879547926455,0.0905810290967786
0.236897195620128,0.279753824704026,0.129733424747039,0.223563175627593,0.235804298604467,-0.010421534027548,0.269953490073168,0.164469916323255,0.237736219509944
0.0704871953209757,-0.052677329217318,0.476529283925087,-0.0105491521583388,0.490529424851806,0.220928326621358,0.272371933938373,0.155499091349278,-0.0122967900001884
0.0404747713158487,0.217515081981844,0.0611782639697284,0.177507641580694,0.197640408287486,0.104298594650364,0.215781504488025,0.215744485905223,-0.00717677465171744
0.123721881642945,-0.0964248133603369,0.321867069160622,0.0490930050921481,0.534755494752385,0.0880074065814677,0.238957226229373,0.192659497110618,-0.018606091945745
0.487394526693602,-0.0845849282543457,0.181935697377542,0.0357970135562281,0.255156168927838,0.233827160512766,0.104472888732204,0.198083161751342,0.405013894427348
0.203315772004809,0.305751390339744,0.198055856944893,0.323806067277662,0.33288055857559,0.231159724496042,0.322640917313525,0.289626123510134,0.349312281354009
0.259856497029488,0.164106903622811,0.282702849453236,0.264675994741113,0.168746570958606,0.329013668909289,0.118849613416063,0.0216492310726906,0.0233868601379893
-0.0544771853438218,0.134156922470327,0.0555434554016378,0.0393392476131499,0.685265169983642,0.0158356039710034,0.252536712925667,-0.0324558601590086,0.00463588481246328
0.0817997821679587,0.16071134741859,0.117948745782653,0.083472203887041,0.309697883688899,0.060422133300246,-0.0733071227899983,0.243515110201721,0.287296658104489
-0.0903383992106447,0.174089836838054,0.00839750170943551,0.104577807983461,0.670546102023062,0.00474875410850535,0.00738465447559661,0.06326637939418,0.0930746281237145
0.092268336815626,0.388221639146805,0.111514175791558,0.0866903922381883,-0.0685280495851158,0.0512723424317615,0.141171192695541,0.500816969608686,-0.0787768785702885
0.314513493492151,0.286833380174825,0.267689766861883,0.388835679655235,0.39640370105326,0.179868576100114,0.350736479528445,0.134787559631873,0.216631645403769
0.246167815772452,0.3292529594561,0.219158944211905,0.308296763033682,0.382216081924178,0.620861131397858,0.283674840991604,0.121956937314754,-0.0416736386955449
0.209527012554695,-0.00054692859864629,0.741036638333467,0.0576305372198259,0.159742530937638,-0.0531307443803982,-0.0217502037214653,-0.0920977066649494,-0.0405953227247884
0.0873115268185415,0.105110212947548,-0.0940434452653844,0.599690955578596,0.349532901005274,0.138800559837357,0.122835738652089,0.090963203686691,0.316099150436714
0.0685827279711748,0.0607564654093692,0.386712792001945,0.119031301195738,0.559927693218756,0.03931449769263,0.276629807195165,0.198633705820032,0.203938709853723
0.234316525543691,0.18831876842131,0.188464133464788,0.26678747928492,0.515934390892015,0.104402171057239,0.127047016516319,0.294827733494346,0.0838263251775344
0.169851973171349,0.211596092766416,0.187099234232621,0.268531068416942,0.535677746851245,0.0838986584694577,0.175591437003136,0.249801699850897,0.218388129749363
0.00387611177162665,0.156380432821825,0.230443902802136,0.199721848280888,0.550624804541119,0.187669666883618,0.37890643832511,0.177674424929715,0.0174855667544877
0.582664612880272,-0.0222279983450133,0.220756541221294,-0.0861896863702723,0.0882202097123369,0.0863677096630019,0.108175724624822,0.0140064719633934,0.0304040422579944
-0.0730637273197035,0.1862886122783,0.611222258175107,0.0173634948036773,-0.1077698848037,0.142329666075397,0.109329069085706,-0.0771768697915283,0.115835129541935
0.24433982158598,0.146706513385496,0.24503767397057,0.298682839429965,0.140677970129031,0.323881343004701,0.266812488088156,0.223887444205379,0.0439254515932727
0.169256434270585,0.204386359722485,0.270104168663013,0.198713087979123,0.177849967856489,0.26416247899261,0.229830898672737,0.323554605255528,0.245028749098081
0.161179367674152,0.0223572902571881,0.105317952136985,0.10039476640728,0.491755595825288,0.145950787029061,0.412570366036135,0.0261674199632535,0.0530171348831224
-0.125783322165407,0.0691146586701892,0.27810108383598,-0.0277492690767392,0.261170233639465,-0.0893032791307395,0.440064243808,0.0763018683501477,0.035894256241875
-0.0285084841778003,0.0418464564628465,0.53302538736442,0.111847284450167,0.604688551378359,-0.069671644032633,0.188710185192673,0.0078891666030988,0.0679729774496389
0.022232097381596,-0.146822839613431,0.570766397230641,-0.123532585467226,0.49151219826963,0.0743735216926088,0.505535295050799,0.0658732626824706,-0.000417759305921682
-0.687931320167594,-0.0998933995644396,-0.0465548735186263,-0.00982553244036808,-0.00487317315415179,0.0906683376842884,-0.0741596268516221,-0.246552289025659,0.0693140305149737
0.408845315544456,0.0715575016363586,0.175191204200953,0.278114571996761,0.0928248386703663,-0.117735873107766,0.0883058774627523,-0.0194984850960603,0.211569638518967
0.135929350090351,0.0267081185009035,0.233124739479322,0.220602692458934,0.512584612311352,0.258818089344864,0.19729875999261,0.258627238863949,0.0914494958217324
0.115624757318378,0.242060614173723,0.584266045454139,0.107656555332297,0.338302170357215,0.209260005600863,0.184432627854213,-0.00274592738303868,0.19128535199259
0.246244230263789,0.036791097501613,0.326827345346787,0.20174916768087,0.0167410258284488,0.0319973630343182,0.140867520318286,0.0407839083489959,0.11191895953909
-0.0577567406675095,0.115395749522688,-0.125584732999249,0.0547113515317853,0.371265043408049,-0.10564608382551,-0.0078819632219611,0.283262818242338,-0.198926274497178
0.263484270316877,-0.0377508690252627,0.287222846951829,0.134753464591681,0.269994768349272,0.194448113532947,0.401186441063458,0.285672839997429,0.121173494240557
0.342538231321004,0.109214133286526,0.470340707878706,0.325531421400855,0.121815159707921,0.34337082841023,0.27115855790134,0.204811162749488,0.272953651638331
0.21095590056596,0.251371733879075,0.192183587582365,0.391735332782161,0.273587537473672,0.136045498837449,0.144603106772495,0.259321365321371,0.233745059826955
-0.0370384785168849,-0.00813162812356096,-0.031220283846375,0.0167882606880592,0.0761596789910123,0.748940247510239,0.00547932745525286,-0.0142100774132886,0.0425555253091504
0.206571180703036,0.343872282797361,0.263941450453431,0.222593526977868,0.548699748193441,0.197980631585363,0.305423940802027,0.121031538590078,0.0696096820310456
0.0516128557625392,-0.0954907242776906,0.155836067006838,0.130696447049909,-0.044496150209171,0.216291338166373,0.287453406496329,0.0157404483437685,0.629955110233892
0.305250915083672,-0.0130545907902523,0.6414172015147,0.127303147571969,0.165391696418228,0.403472942752045,0.0210927282240995,-0.0225121842604683,0.0744360898755498
0.284868069749221,0.249889269575667,0.239035069398268,0.169045864057253,0.571907487253542,0.274484926726575,0.419105998321028,0.0931312239020489,0.21113142253513
0.439140745099102,0.223758760701832,0.268827909437635,0.219639348018779,0.203595551351932,0.0935981811546174,0.161851233415535,0.119768691298345,0.356524465383696
0.208013496837133,0.065765689906566,0.145696006650916,0.380273757639364,0.189272284011087,0.222753225912906,0.364545819148365,0.200825045280966,0.395355493237719
0.254358099378974,0.222145190722386,0.0330326315478667,0.145644350287167,0.171997605919938,0.141885559326644,0.274410945890799,0.220448323700673,0.0429600761306861
0.0892482199221107,0.369321289585715,0.306490525811962,0.241599532071862,0.382411257089474,0.172574877271538,0.390256426938282,0.153223587522151,0.390375526849317
0.416733405194761,0.267615195926129,0.193946908703351,0.396003233819218,0.292755485691075,-0.00343248859440417,0.283562046934901,0.174100974533137,0.130136987132517
0.376038661694069,0.303716179540543,0.19913393726547,0.234276250809104,0.272041886932799,0.298247599595554,0.286847292867157,0.183578230469206,0.351550034390958
0.14505016788802,0.13884052246397,0.261662585998943,0.130687582390161,0.678790334201953,0.252474388040009,0.235559147875349,0.219339978816998,0.0952058814108337
-0.00658262838327721,0.156917057554574,0.025609766434645,0.0223027641584992,0.562819953396389,0.125604292244053,0.0654745318388867,0.0999554323295745,-0.0138797659199333
0.155221091025555,-0.0389285253527851,0.114934838162098,0.365558044077759,0.613989946531087,-0.133453137282288,0.192739897815929,-0.0468460940416336,0.113741798660916
0.176278660144083,0.0704701898914206,0.558383715799014,0.157115388576001,0.495005764043939,0.0987178781068845,0.19060515697191,0.0154686233283844,0.148510371586537
0.0931186581570318,-0.0394103171069339,0.203423640858334,-0.00785691620986696,0.634086555910926,0.115009970431907,0.169660681767909,-0.0782857015343777,-0.0785617620109517
0.182767772491658,0.114724993196672,0.0196690231786616,0.236907448259617,0.393719584399967,0.0698731965510756,0.210671579389824,0.20869278136317,-0.00866219762280466
0.0167228642710915,0.101088643270789,-0.0155023467071762,0.0102573718506836,0.10240190886324,0.0771126646854072,0.31397487392306,0.219543019643492,0.191360550566969
0.580730459205666,0.225828479812791,0.203276141353039,0.338073057657424,-0.132022851001034,0.211722507403207,0.179419958102663,0.193264647918843,0.0913100032116964
0.178043141804497,0.101537714779811,0.261756378404855,0.127354534393119,0.422822582022098,-0.0134200232069164,0.259954508871887,-0.00348602092226602,0.247037972029157
0.0106473213081827,0.0814126762241892,-0.0231786422730214,0.148101965745889,0.732920708906361,0.0178216449404684,0.124767914588604,0.110153423442555,0.0189152676361722
0.160831751667462,0.229526242422495,0.326492481417517,0.258363564231934,0.283234974227766,0.152495587560454,0.107875523783968,0.0935233713865479,0.335709679648263
0.26032988012931,0.177071618528104,0.202804926956409,0.175086058833741,0.32744774164894,0.34815273267113,0.255952188951836,0.302777797590319,0.280783973671452
0.0501273029225273,0.0162944962507572,0.747070147925958,0.115053060807006,0.0100872511436471,-0.0923867523855075,0.0158706041311797,-0.0701583014167312,-0.0838605054286835
0.228882021158694,0.302811496776071,0.231013016896746,0.379556527315636,0.348557191922471,0.0861147458041448,0.217397048223752,0.151644314030983,0.176207967783138
0.247550278702024,0.274881974813099,0.185071743125252,0.260700513394271,0.35258331885316,0.213993072711691,0.329740603854704,0.343268910867549,0.0771994082284113
0.0634814766052436,-0.0482693074254066,0.697135366656894,0.0586243125557919,0.394327749999284,-0.152050685870382,0.334365531460978,0.0629825960092799,0.00692315299691274
0.240431641407704,0.145118986024911,0.296913529992781,0.143772133848417,0.341010473131537,0.253009340963873,0.123543286876636,0.255311283274421,0.216246073269446
0.576593647888936,0.0788865653612152,0.0654907671762952,0.116242061542773,0.0498940597770103,0.107002964706504,0.123953677293799,-0.0192839325283953,-0.00308847471782401
0.388473402280664,0.186378013034883,0.257167785888408,0.200688688390766,0.292195772311851,0.402211109283304,0.109919463236153,0.269206875131798,0.253410981397913
0.136368967733553,0.00219070785196079,0.178604406603235,0.134439848889898,0.241813537664745,0.225789642239592,0.113157165381006,0.248765306748845,0.240231087044799
0.116994451163357,0.2197153665163,0.0932799451757092,0.139978774962309,0.258137459459696,0.0835589363588559,0.257560116262118,0.0999482787111117,0.351301713152372
0.0402382345286436,0.0794592307064195,0.275404899962775,0.0104176389481405,0.510440898815245,0.167399668955046,0.272699357937924,0.194930019463484,0.220523830285665
0.0811529325821361,0.203447213476869,0.208548929682103,0.294983898902684,0.683938102903694,0.122305082344799,0.192568434782951,0.134667082316356,0.272790338595581
0.058152506270341,0.113164807133295,0.255914992450637,0.124248793949655,0.409865523135936,0.114145228197046,0.32246442298569,0.241854099468186,0.138176883214846
0.0806813276311183,0.00306954816582089,0.528483700209871,-0.0220333954293059,0.0807187375486375,0.178977760510679,0.0707243498106154,0.354846014779105,0.113874127671831
0.234613754783944,0.196417925707161,0.3815240792391,0.23834697707142,0.528605920626523,0.270889217938447,0.0741277776644332,-0.00600425413999121,0.127511005099562
0.552969974493535,0.00250058123448284,0.0909485925658853,0.182291714501594,0.124844767181835,0.185962377781648,0.13894447800304,0.182116985213409,-0.0730362999014608
0.335862577092064,0.18180036585075,0.113971027363894,0.192518434928426,0.400338857973112,0.290897932973412,0.336323285224971,0.330087693414262,0.198794449562908
0.279880951644632,0.0777905364245239,0.265608245449895,0.173245974691894,0.241916756383991,0.110797517763426,0.490516086344565,0.0905171579820905,0.16085485370151
0.249686363661297,0.174694755930104,0.103839605374648,0.286333773474627,0.147418072822779,0.28450306861855,0.141541645517693,0.449079117431895,0.291918665627231
0.137557975837095,0.137351138209819,0.319585007896867,0.0483540571473675,0.45819133840545,0.160633487697216,0.443429325547271,0.165559342104914,0.217987843791229
0.0565821932375997,0.0192553857802141,0.459815707002576,0.0646377501914969,0.180219144873128,0.335827144635361,0.0890286680398655,-0.0642783564143918,0.121791319574857
0.674092737214016,0.182892555113572,0.0788645444987073,0.21964854828772,0.0586878025053784,0.0980581515276607,0.122392848903342,0.0119776226675366,0.0845838715224009
0.0251880817024531,0.0925287175260955,0.302630114540475,0.0644194632255865,0.665814173710057,0.0558369204413574,0.125785999609129,0.156031262716919,0.106245832267664
-0.0405855433958327,-0.263676214464592,0.122640484044584,0.0745202361582405,0.111026638942191,0.162198376235634,0.171311257161743,0.158252216965266,0.192548498271669
-0.0535264156120741,0.0925987608241092,0.180869774016684,0.149956165276863,0.270075687824161,0.182727509294962,0.261795416643929,0.165472746324129,0.201418968433319
0.136270005392175,0.247362672957141,0.245571366257309,0.144908781649751,0.157043445967151,0.124513454910071,0.237128760233777,0.169944984663595,0.265829581706832
0.0795569911053689,0.0319842091378651,0.284921699029023,0.452212005176619,0.297490366242799,-0.065446022486072,0.140326961956676,-0.0332920714141764,0.195411604918968
0.213221189627231,0.143854768092735,0.186470487844868,0.0318030597366973,0.306828426629751,0.243297521612856,0.239901825581665,0.106182591573576,0.00545594213715678
0.173783116285276,0.237086485735033,0.584985841767125,0.170351902687505,0.354944424829076,0.0658899692086686,0.090709482943846,0.228537914971813,0.003853758241217
0.00798424358885587,0.0850160513703063,0.680527597142162,0.114247419466256,-0.0947118975308273,-0.0441104937352501,0.0616404020832107,-0.0719470262265429,0.047796846696007
0.0919927048880687,0.238380365219378,0.038865722106367,0.299916952914738,0.319520271150455,0.0742668470043197,0.194643164926647,0.186263378172727,0.0554702498725425
0.102220565576482,0.099082552855567,0.0222890298922796,0.171798288682368,-0.1103438459473,0.080675757813202,0.192616308592051,-0.0291903868251398,0.729065331984385
0.172028850197384,0.15764969299636,0.126994247784847,0.245328360518101,-0.0643116761986131,0.177552037027054,0.148307005449548,0.100321029892654,0.100298364609278
0.279505082010761,0.05868604022519,0.170631051732214,0.0410819926664417,0.433178075989403,0.226235287819752,0.295479055350744,0.0460917312296307,0.176177830357162
0.162209246572644,0.369613284806171,0.210565685779878,0.147497319443183,0.275603499242368,0.37891878368473,0.333036847241693,0.405572749978595,0.389155201367637
0.181125521544088,0.0145580722431368,0.318427788565584,0.201743845539282,0.586879611410277,0.242088453753693,0.254652632761688,0.309932804147293,0.250101596793702
0.133323419032247,0.118037778766381,0.128838430028448,0.537633717525307,0.0824735901678286,0.422991946421545,0.125715579546184,0.117737855807481,0.222065406649448
0.00246432578441873,0.21176596744491,0.306093291091235,0.0975643843372375,0.166082511305746,0.192871036380826,0.171153753165944,0.160797187337149,0.285954383337676
-0.000183960348140645,0.0730865857554195,-0.0513163779351967,0.00364273483378554,-0.101360832759883,-0.0864006099721193,0.00491493282457487,0.743222459812985,0.0146862777406583
-0.141697659836879,-0.017350985981163,0.63563496506152,-0.140307128750221,0.253375436564099,0.0541347513792686,0.132359731240477,0.0906002992780854,0.118462342267549
0.0260608803042192,0.0699770000209691,0.379732034026125,-0.00186808017020254,0.504649211662044,0.100390704719098,0.446913247432336,0.139233061040473,0.112586343725412
0.163156322949539,0.0982785587291022,0.528480358007557,0.0591979514681457,0.172798229671006,0.215988326887444,0.0602896084161823,0.222922671924533,0.107939804297121
0.0426906817709693,0.0429376069704526,0.448599786890021,0.109827343625495,0.464089701328995,0.0710106781364959,0.229844683867577,0.00890838171749316,-0.00744536769343457
0.0976078760778581,0.017092347124193,0.742543001764362,0.0446079768785149,0.0850563269775937,-0.0711410342414423,-0.00311566314205618,0.0215829079023873,-0.0764878019040057
0.148095297487374,0.0580502188214269,0.109925136646052,0.120051207384848,0.536774103278437,-0.00846177604432391,0.134931711084335,0.0669601102639023,0.27650311066519
0.102757739680062,-0.118728842221487,0.186492080709036,0.105632577791902,0.160217174047982,-0.0413797951687983,-0.0815811690900252,0.0118751369544018,0.132593929214212
0.272715072065555,0.025612663410084,0.275234057115424,0.225907045260482,0.130603472427423,0.141084986774453,0.122984802221422,0.262220372999293,0.127973806353306
-0.0670805707567753,-0.0587795937163574,0.18395462689835,0.156599282120982,-0.07667627101971,0.0239970931497442,0.0840089930290677,0.480428265858978,0.0857356696121344
0.625214500388349,0.279661612381872,0.224738409795031,0.125840296322305,-0.0126556497540088,0.00380893668923645,0.197686839935015,0.0883837828724156,0.0779271318920757
0.00286970026680696,0.10902185079386,0.0929344572948481,0.128661117544414,0.11232797209385,0.0911708426926618,0.203211542424875,0.222066854413621,0.1638284438893
0.336654889522306,-0.0906570783728058,0.397041757111655,0.15528131813879,0.524102421237159,0.302124745380728,0.256193319242696,0.0585665446019006,0.16443689744256
0.197261596374413,0.308254315402596,0.479233655651454,0.0887198964335252,0.252342114160127,0.25683692310241,0.284179499897173,0.212753564278127,0.199107946977099
0.326962727563302,0.0538816325381546,0.129969197023201,0.054410743228129,0.307210793139933,0.214995277145921,0.0723626802810432,0.251365192093874,0.00867648662612659
0.0594902087309616,0.272194068285651,0.247676043766448,0.186271830102165,0.210077025532965,0.0889077016930843,0.302906333872985,0.0984644137689042,0.11529536316104
0.143239072684455,0.300801140689799,0.267607124204652,0.304375831886042,0.186993468278685,0.122024450779623,0.100523581281085,0.128464683151173,0.363948873165642
0.199721579629898,0.0496994049508578,0.0438025260510892,0.188091866914577,0.23343191150596,0.101003569067296,-0.0306988120103253,0.457895065705776,0.144234400096337
0.0178642909867057,0.120434957354151,0.682464428978356,0.145791408223538,0.200786992693419,-0.0236704249583474,-0.0771962974458788,0.0624605202128952,-0.105567678357451
0.123946053135497,0.0692642702904352,-0.00798466165230069,0.0239061994201511,0.394957360670432,-0.030212535170141,0.127877829413004,0.19945318621775,0.0720995941295544
0.0283142032058042,0.0707142725613693,0.208035997447652,0.0993651502493738,-0.00672449042464606,-0.0550226053568379,0.215668045188239,0.0153486753377616,-0.0344191663070589
0.02119714053791,0.0231014743252157,0.429899739939383,0.120388709549303,-0.00578043466222658,0.0213326769224408,-0.0718638406017022,0.03748721384995,0.100906730766033
0.291413948282205,0.208131292169872,0.35268934707824,0.319110179726004,0.302194932170233,0.142531008501518,0.2323866571099,0.255528019714874,0.16907441915045
0.424293702696542,0.293847830993828,0.182608530730352,0.328473515032799,0.294160758349341,0.205374510274333,0.0587517397179659,0.16895986665572,0.253937774130509
0.266584453900297,0.166377739955797,0.350728546710188,0.236688534458465,0.464035225527674,0.207444398360682,0.279775812328119,0.0403079598578307,0.0968218386109744
0.154743759352269,0.0798765281883596,0.0557532683229686,0.179953935814252,0.697953865180448,-0.065406242778972,0.0356547911116617,0.0649226470517146,0.000915810430751763
0.645030770086727,0.125076856578464,0.0169499296812118,-0.0999801168547231,-0.119156259772064,0.0782640046475598,0.193256828683995,0.235455056111169,0.0441315975521026
0.0742494869498559,0.169030261762627,0.232319285433514,0.0549487389325484,0.587107723471369,0.10500742586448,0.314495488637466,0.0342957278309859,0.140207561214114
-0.0184358353778561,0.0195674574584658,-0.0706145697475412,0.033506134419649,-0.0218238685400255,0.0250455528126873,-0.00602218932585308,0.063705200913228,0.751776360369119
0.143304423314932,0.0659725337004964,0.0783444280149537,-0.118895580195776,0.377088688423369,0.0163060631178647,0.548685029908575,-0.0568467572718662,0.216014433111733
0.401857863798982,0.125781763796449,0.379993520197509,0.220553636600864,0.358703575868036,0.160688315366951,0.535656499195119,0.159609607747513,0.0602394292679208
0.371767023616307,0.286104972362046,0.106512865114227,0.269764335673549,0.30917019773586,0.165305292801175,0.272793431900689,0.261673957703377,0.294982531901408
0.240233792783059,0.116598341236857,0.0835007859497884,0.22095024730231,0.243014383528849,0.171415717563228,0.202789017740296,0.178723880967611,0.0787900695844486
0.335535362948828,0.0669585011936119,0.0815246704295274,0.186562912146872,0.371323942974295,0.129957946470633,0.341875033395138,-0.00820302286262809,0.462779490642581
0.294758621724511,0.032925008294737,0.45869499194851,0.200947927974002,0.573271006706202,0.156679672352463,0.0467206974805289,0.157876571249302,0.0362661040427128
0.467161855271504,0.0477597018425128,0.520691376285011,0.0643759050092531,0.581844327434135,0.0251361999323852,-0.036573333966935,0.0159680726584473,0.00764519531821367
0.257817102635606,0.173423847380497,0.207251598816352,0.215863021289499,0.539590744738117,0.202937983769167,0.104206986512658,0.242492443143227,0.115404425308636
0.0655617928177215,0.128909688539794,0.218552933965542,0.15801732663092,0.318866078799926,0.166569922888116,0.421985324147793,0.0985543810448768,0.0961632010470964
0.0468987056435612,0.12841188128929,0.252525283228496,0.0156412994602634,0.313268499557947,-0.00125259440921895,0.339920761267791,0.0460473048415873,0.255787846646106
0.300142803252073,0.0607163594553744,0.438047802185681,0.0295165577673129,0.509771608232716,0.125318718620438,0.124886995801215,-0.00925311869643516,0.122680944068731
0.126989787134811,0.187128929532138,0.0549656994715886,0.0852186896712629,0.416725386733372,0.205516142583031,0.119872953522108,0.343745525748589,0.0536226075725361
0.381158733217109,0.124109151309103,0.21820478088592,0.0599201317377847,0.491446397363189,0.485493645784626,0.371950960190483,0.10902287648401,-0.105477630101858
0.0513520787886946,-0.112914598275162,0.20921082714462,0.0181639402022398,0.571942528545324,0.0725648142073109,0.23058902838346,-0.0212553605273384,0.21677252077722
0.225495196825962,0.146859099575576,0.0721447077713396,0.281730372329225,0.369950559417227,0.151331095012387,0.203122900209704,0.252931766736509,0.19709428927568
0.430342153296563,0.204119366852637,0.424331512080875,0.0868199938193894,0.243851601683097,0.141132315957529,0.235108750866924,0.0223337884915879,0.130009436941328
0.195820943198916,0.2036665937241,0.417942216254722,0.238736926170943,0.463294647688838,0.167350104904265,0.223805761811991,0.194487586396964,0.217939753312009
0.0566003763266543,0.23651007254629,0.257352914990006,0.188274094976659,0.248244324483024,0.148935987252161,0.241543917217596,0.147294343798614,0.203913829454602
0.297614474712702,0.0464672472195036,0.385580972703744,0.10559197451182,0.189359026316979,0.194897755802147,0.223248322261694,0.176163191792995,0.178684074531667
0.355734225156598,0.130032638276606,0.205470268138145,0.180465883443678,0.258442697793597,0.222136272503193,0.147353911541945,0.157576461604319,0.232718715307273
0.0384753280971453,0.117026260537118,0.236630912331086,0.0844348887637678,0.644869192264532,0.013529813958697,0.210224583316951,0.0699311399798507,0.135746659729235
0.0695686111244724,0.153579542363093,0.077698078259643,0.152445325967889,0.0951807297112519,0.101355265935059,0.0352474705283492,0.080960859084912,0.149947086381591
0.413399538089761,0.63580839689774,0.233707705434196,0.142004571028583,0.0610757613993043,0.125987704966258,0.00357618702183795,0.204731415124098,0.130217989080956
0.363370933972921,0.266459400857808,0.0993524230984145,0.384122655633899,0.26330401500722,0.00255383643387665,0.136890292816213,0.135177176190485,0.224084826945913
0.157612778203578,0.057255961541289,0.254423681981902,0.0902396296269824,0.455822225261714,0.13013842736474,0.266206969575501,0.205550181087801,0.122325871316995
0.0466138339302061,0.123747348429095,0.42992857832651,0.120061705620441,0.397188851928679,0.0640461176669679,0.474530894711871,-0.0381080211531822,-0.024904337046431
0.72198887348673,0.0778882450343416,0.0422081710273801,-0.0700599702359596,-0.0392937888294327,0.0520729040476868,0.0387312787740935,0.127490114740875,0.000688310222348334
0.132932858038582,0.0067708411122161,0.0971497519899698,0.1025089018302,0.327981216553664,-0.127680976617091,0.128575621941453,0.0818556387772338,0.099150566918801
0.123150940323173,0.378389165995477,0.103255048387754,0.243693033673938,0.366543960518597,0.134658357602546,0.200598287991801,0.249721843431755,0.0365763987679411
0.178156490485102,0.236921667177002,0.358290015599726,0.309544463961975,0.22497096773038,0.0467981339754347,0.184886044580863,0.0594735913839006,0.309011581916253
0.174450017561318,0.0337632656252937,0.30161121786797,0.114643479905427,0.479169562992934,-0.0346920852628898,0.407158951752289,0.0421852608946823,0.0975687243238765
0.105823612021219,0.178632891231167,0.116416640750998,0.211948798336886,0.258873057770753,0.204386890940877,0.294179946911591,0.281392003051998,0.238737670892147
-0.0630507944014446,0.0540037025341456,0.236274421909717,-0.076266855163871,0.266373850451337,0.261552402224195,0.15227626077266,0.199286274819294,0.289918748274668
0.320082450211725,0.247990085844242,0.189016731439986,0.398860157488932,0.239386384889875,0.228079093029542,0.200674233712158,0.302364166654692,0.393735017096208
0.235762076317072,0.0277548266882631,0.28599709064109,0.263866413127222,0.420476809846651,0.00164777410247691,0.240752828495294,0.241120699722518,0.0963417716806002
0.201563779200002,-0.0459615347060407,0.796735988186588,0.0133606639904827,0.141277136953553,-0.0609369206498161,0.0481165161891369,-0.0645997529768561,-0.075290042496145
0.21223889208573,0.147657025234126,0.225258833672075,0.179523473426047,0.65814030260171,0.00722686553184505,0.151773661059639,0.131547729940385,0.0658613958863679
0.526859091146804,0.154631984130113,0.176580604563122,0.044927891580294,0.233032685526838,0.228638666826099,0.408666673246434,0.0341231078391912,0.0898882350769884
-0.0405313154267796,0.0384033182168206,0.427186916890757,0.0211399094600648,0.338572282308972,0.262158786928747,0.32897887899189,0.122098660152831,0.060399783800479
0.22652548685894,0.0768436464111748,0.183934868644948,0.238138868563399,0.35166277865258,0.138825910564015,0.295515876291248,0.223623441330467,0.181055565620928
-0.0826770364942525,0.0173456319582814,0.342429216614769,0.00790713868692948,0.37690218578797,0.382979191250805,0.123655945592808,-0.0131980304546921,-0.0606611664845282
0.154057423049225,0.117600398194326,0.536804646354552,0.0586007843669483,0.507620632002365,0.0257627037182215,0.0155927008248408,0.0500779118375574,0.0522530363817733
0.0431276959483499,0.239963231295437,-0.104913437613668,0.0470895401515142,0.206181120608499,0.114775915468193,0.141755052251525,-0.00635556356667181,0.00507993268088449
0.184258129610684,0.330874198494637,0.356151090102219,0.152500515671802,0.129661693719241,0.20498943451421,0.367597234573638,0.0659953735677073,0.314210760987968
0.378790014263622,0.197298475450147,0.339255595854557,0.371287941541055,0.472452134739942,0.256452935566908,0.375459938271754,0.306628352461326,0.330809322980441
0.272126009824268,0.146263405765084,0.449669604878669,0.101282556840176,0.145062761531224,0.143828666991304,0.130931147811075,0.127791886220635,0.104486305719941
0.178516873929707,0.388256642807176,0.166541624606402,0.376403352540179,0.270486421058634,0.227976870232303,0.196510966817672,0.303318477378164,0.199874411334701
0.252026517271147,0.0284123715174493,0.251470835631653,0.279573833950584,0.641414181468816,0.0819457279594292,0.0302702859092673,0.00182981323756453,0.173860685828332
0.225934615407983,0.0739479793814856,0.410106125102761,0.165258876262127,0.508709783452257,0.280278573690774,0.225196401289185,0.209355151031008,0.0398596179205613
0.0116752323076762,0.0665918234469733,0.14552963310056,0.149502965486181,0.130528876399212,-0.119037749021009,0.0903048655716629,-0.0341486805217791,0.0335566271269257
0.0135902753382774,0.147316918456947,-0.0278025782748113,0.0750380960776241,0.762191157743973,0.0209199692455494,0.164571984587686,0.0709200858246377,-0.0547695205140167
0.115041322130111,0.121362448482351,0.208413712137357,0.270654023493775,0.417065445282822,0.129649097845435,0.146381318387688,0.32028140313305,0.0450869728842692
-0.035943400542085,0.0368646214008168,0.24505683330336,0.336483955409643,0.211716310845723,0.00364937354924421,0.436512066241181,0.192355131586923,0.193326819807843
0.144513802297586,0.205351575194596,0.269123338931844,0.314524739067486,0.426445311832688,0.0770584213135311,0.310486877563913,0.27153413311129,0.176247512044405
0.106789182406123,0.140852460344866,0.262894754058776,0.118936852406397,0.416082923148975,0.268382017541396,0.264028110478265,0.0983944706828806,0.181781592176977
0.281775726244631,0.223145124234613,0.0514772887497703,0.0842373101593278,0.102753155047826,0.0617914731794426,0.144063300056818,0.175764559975923,0.216753768650737
0.226446693344157,-0.0959048982223958,0.0633560348149847,0.122221832604492,0.171709735983136,0.220385530806642,0.108780721929039,0.568049593940375,0.132654388286994
0.109296398261038,0.110828251840632,0.44174991632307,0.191091088758399,0.572123268226045,0.0307416380522483,0.138216339716755,0.291884642189928,-0.0367471371447442
0.0350033154884124,0.0930320412414274,0.557108784525712,-0.0290328765486146,0.450308081574343,0.0556257094069495,0.0615597670052915,0.362898802350726,0.0455002656090395
-0.0975909613228994,-0.0414987856094325,0.0337138643001212,-0.0909498568785976,-0.0665081988642011,0.068538496904629,-0.0490901075333493,0.0307261225423617,0.657486452668104
0.171028347804868,0.0777498938929724,0.0267661055388283,0.171021208385669,0.293819763587255,0.0119613930538269,0.15614488591059,0.079556201661433,0.265630724541872
0.0738421449130205,-0.0420021883705237,-0.00320039555136291,0.0919879960733675,0.719736417729443,0.0720016504886956,-0.0361586044686117,0.108214452384814,-0.00720550536794913
0.235364386132565,0.257702264550288,0.220264028999373,0.30605758841069,0.506578103623191,-0.0494231747166726,0.116381959096228,-0.00876668418155579,0.326296013730613
0.210670884003547,0.492506821317818,0.118779641850714,0.011703174548355,0.261183961520905,0.145742573762536,0.115934353381286,0.090870735492522,0.135593574362547
-0.066643890389607,0.0549413621549054,0.271293550955237,-0.0374731957480557,0.150458391751777,0.129300954663799,0.180121457793854,0.0545499594626398,0.157467147154974
0.269582861866139,0.0192294801766308,0.30791261082212,0.167191251173286,0.544824038094217,0.126041963380402,0.155647320475777,0.156223554844113,0.200489404584071
0.00933761097874898,0.0432415829270991,0.0970941317011767,0.143625214477932,0.491901410485939,0.101862753413678,0.365680700242927,0.195668407411129,0.100797871793777
0.193191561861572,0.18347594451503,0.371480669368257,0.386968657596082,0.252712013505011,0.0851304458637379,0.14282901905241,0.150635992354327,0.187455821098235
0.172721330280727,0.0171579497254642,0.559190877186547,0.169846862343953,0.30971125002899,0.205586945202382,0.210442148319969,0.0607361906309373,0.0578249941298672
0.170013077209991,0.0863735869768366,0.26915125606698,0.105891492082366,0.617772149855747,0.0798118263446815,0.227928016846078,0.0440130981736423,0.228543416566551
0.0443957309802739,0.223811183642928,0.0751963114726717,0.171542819524015,0.461937733687496,0.0287335628056947,0.178345443621505,0.0888113113598372,0.0217619979340667
-0.0364280874495484,0.281668747384745,-0.083666526709156,0.100093742705057,0.156366059246007,0.00915901414398014,-0.0246847137761151,0.0548724712888058,0.0202808717564791
-0.0339020957488175,0.0357393101155974,-0.070286871648721,0.0821260526622271,0.337629351628244,-0.165387471515839,0.722626262877073,-0.0216428277829413,0.0212950237028187
0.268744388511753,0.16261507029807,0.206518401263713,0.0386365337631599,0.316058486083299,0.235606144203471,0.380607373249833,0.329128202435661,0.22689871060423
0.0933694253775948,0.0265509804842074,0.151129970880053,-0.0278289168260169,0.382058449599185,0.293686215663415,0.158023638367309,0.271847703593451,0.238169884192397
0.131076563091133,-0.0141658607085678,0.330562449557184,0.192929601525456,-0.154496839485533,0.186272863009905,0.265879401454775,0.192067049965021,0.0577641478240035
0.00405714319649263,0.137441966123672,0.108080763399965,0.0398535791271983,0.7330294188782,0.0844236636062825,0.108603481117419,-0.104251692910215,-0.00131095132843634
0.441823671726212,0.292249374060997,0.180930318485012,0.303735621126019,0.287579432647609,-0.0328589670016641,0.282013590916351,0.0789490724574295,0.168247794918425
0.0869640800273245,0.169103189400006,0.67364321748718,0.204258846283151,0.185665911184558,0.0601197078426492,0.0676081296341651,0.205870790178242,-0.080807089890146
0.183390483985157,0.478179187244819,0.0806432873671998,0.16575872995211,0.508143766513267,0.0710961303881797,0.18289521864938,0.147158847415813,0.202072124388333
0.268710285860954,0.15426542193888,0.27440075575354,0.11727396820702,0.370906876250721,0.125457431458756,0.243927424576988,0.14527356127902,0.241288035101645
0.473747843382012,0.0976749823506513,0.181185770997031,0.0582716694904634,0.498236395663725,0.140086132375047,0.212342397249774,0.153221446071447,0.270698693405948
0.0821403242339212,0.0975221707558676,0.373007969985337,0.071081305213878,0.36204443586961,0.199501333085798,0.126938669569896,0.242020526562261,0.207575863560462
-0.0284806250968401,0.0838933667206136,-0.104009730731146,0.0239314314369788,0.511684866202647,0.165267478832451,0.480518128441883,-0.013896548843686,0.340921444912796
0.380937642503129,0.0257170922931414,0.427227727578312,0.11865639963877,0.53543667061814,0.257228102624351,0.165610629957716,0.34034331081786,0.170071917200904
0.655034713553403,0.105401380474452,0.0958763314300728,0.231764147631474,0.197627987030311,0.10437620972654,0.13613314480561,0.0743424505143059,0.228511850080787
-0.0132463807408075,0.153932768177962,0.229697028174292,0.0111218948085843,0.301352557256562,0.171217321697003,0.359048685490771,0.261680359533745,0.220916063326495
0.214167114569792,0.0971684741276672,0.637500586689098,0.0769757446911548,0.315621008109433,0.204708765313264,0.0776199246690777,0.0403991739933407,0.30045358786862
-0.0289895561005551,0.104072104365182,0.018027815744654,0.120807569309359,0.767652043300402,0.0208407493077281,0.126173499889941,0.0193189770118934,-0.0734621732902986
0.1113377756703,-0.0615452701693643,0.343656919682274,0.0932673128241086,0.645684524181007,-0.0857342017857504,-0.0272706481938381,-0.0480310340497514,-0.121580105926887
0.185998620459894,0.279734812242129,0.0980937817174257,0.145537496002385,0.27949058818444,0.132492998818557,0.11387184795898,0.308059866532414,0.286960069998853
0.337996999885499,0.0451044485494247,0.239201765231388,0.211326545500214,0.35880873356517,0.23666630768617,0.279143355026917,0.380227948659178,0.277728379628247
-0.017737127854062,-0.0140260348376828,-0.0924861170663243,0.0178970887498353,0.0896720631081253,0.0581949876622541,0.743451314420157,0.127242954550641,-0.0452648513165147
0.370499323362602,0.0362986174186439,0.508639750276898,-0.0257320037709803,0.454603807007864,0.107882385054251,0.0274405627924757,0.0479270535928861,0.0957681303010983
0.310466873481227,-0.0588938596276275,0.0870595242241205,0.11462720118072,0.145969373077774,0.00516295889566503,0.214046829124746,0.170881764863894,0.000497215422862899
0.20088978081513,-0.0270648837369367,0.237782852054277,0.12086557178236,0.42131927641349,0.0915698093577401,0.329050043622072,0.264307995505691,0.108356572233592
0.25630350111293,-0.0615030459614803,-0.000217704259830548,0.148083221280795,0.461096017477157,0.0585883980193864,0.495516217737728,0.117533328598692,0.0125630531288582
-0.0892811176708811,0.0972015327534232,0.747510201129547,-0.0466707691870751,0.0262192758445542,0.14561090923982,0.0824834016976671,0.190920653381122,-0.0238956463242204
-0.00264800390458897,-0.277951001757812,0.22309607168523,0.598538273601007,0.289918158127978,0.0733770274072466,0.212765517474585,-0.00665567742705201,0.215976905176087
0.0991749031043209,0.0167374613229671,0.683019012619647,0.0392427127417458,0.302081048994258,-0.056737862345397,0.206802451063634,-0.0574255157233852,0.11663046040616
-0.138397802818416,-0.0802793893834125,0.123068356717752,0.0226300784567414,0.241629215698805,0.0829869526191317,-0.0221221014492009,0.259427313011343,0.062444712415295
0.262357550335484,0.191097975082942,0.146542802357988,0.151530215821517,0.609147552934948,0.217365117966752,0.279699204170093,0.329900183357908,0.10828052026509
0.416092623781046,0.210089012739512,0.325002336287143,0.130131142851925,0.295286782431658,-0.0678204840633124,0.427034539055635,-0.138793592705621,0.28841469152052
0.714831822483654,-0.0242706954724632,-0.000133981163121468,0.0840535644075226,0.117486317349201,0.0470629552865563,0.0633535141181549,-0.187528740234275,0.0847244391543851
-0.026078364740041,0.0699658492470918,0.217224526952215,0.124830062741191,0.363022957792568,0.0789862765525393,0.0727499804639989,0.176858053790143,0.0817338417945956
0.0587124371451645,-0.00127856216225164,0.561294970365182,0.0862114158469994,0.484805692608558,0.265356453568265,0.0531562195756805,-0.00695437336696662,-0.0866034293395092
0.179033233469602,0.0789713419102374,0.150556717747332,0.0826766132946035,0.380638749272,0.239710233423564,0.213981407898392,0.490816882727813,0.064930434109628
0.115054769639597,0.289971717827119,0.17890112074227,0.191834917826557,0.181835104214423,0.227587831787214,0.0648379895516736,0.324036963604368,0.356242064262231
0.197845855074837,0.075295897461224,0.379922206524607,0.115418830521032,0.264901037355748,0.00622600042985716,0.017582871261655,-0.070205884791243,0.358630605586493
0.199916850777711,0.0698396379815271,0.151470106332807,0.275385374066586,0.37499516306191,0.284367265414525,0.304801826028874,0.363565276981358,0.0545894492691637
0.350888406059086,0.11424560133908,0.173633706542323,0.116963154870653,0.339553251064796,0.223167776640948,0.235210667942177,0.195362678599736,0.115354576934906
0.0974299447629495,0.153669605671452,0.243884410932948,0.121385203617848,0.365950516966202,0.145576646259671,0.245219340013247,0.394683960549027,0.285392805427954
0.257651208784878,0.269080077115855,0.304297295996787,0.228949441406345,0.226704124543016,0.248870503947378,0.248423474609066,0.32573018522928,0.0973407137708659
0.298430845041714,0.0304035699336229,-0.0925952660270609,0.0877081085205455,0.544726810179582,0.115312597825651,0.10635902437554,0.1077332478766,0.183970775473255
0.175805736402974,0.106304578571995,0.339540644254087,0.260171316660278,0.547352838065652,0.239597971297231,0.207481656620594,-0.0449535506048357,0.249142889431233
-0.0626514533695423,-0.0804149094633261,0.117952313054604,-0.10217375408406,0.0670138649853572,0.0953441455711938,0.0299429561383043,0.0820286666886149,0.0348406809286586
0.261762312513919,0.220495820792735,0.209453792172633,0.321979555547758,0.137528863562499,0.00503327116673937,0.197063658917805,0.130681935963697,-0.0205838624895415
0.211464740936022,0.0115021390882731,0.29272468494434,0.0263993079557237,0.56827854130318,0.155879145348622,0.198285886653688,0.15391566865648,0.147949481488499
