"546ec14dfdf99b2bc7ebd032",1
"5484655ffdf99b07b28f22cc",2
"54f8b0cdfdf99b5396a7d0a2",3
"557d84c8fdf99b4d577438df",4
"5588d358fdf99b304ee5674f",5
"55abb1a5fdf99b501fab62e3",6
"55e59b81c70c7a000b2a5ad9",7
"562e4469733ea00005163785",8
"5632410fca59f6000b795a70",9
"564e93659b124900127eb55b",10
"56875435369319000c26947d",11
"56ac1289f209e0000cdabbe6",12
"56fb36ca34a0d3000b1a5701",13
"570d30d942a1db000fc4cf87",14
"571cea664ca277001153c045",15
"574ce0a57fd0ec000db73aa6",16
"57bf14513c449a000189c89a",17
"57d0a0bee3221e00015fe385",18
"57dd7528a0e8ce00015445fd",19
"57dd766bbcd7150001ded5de",20
"5806ceacf0740c00017892c8",21
"580a494da38f4a00012ebfdc",22
"583ec287ad2f4300014b355a",23
"5898b6e256357700011c2c6b",24
"58c1d1fb8a3f870001c0e34c",25
"590208c89571f50001c666e3",26
"59715b4b50e2f000016fe00e",27
"59894fbbda239a0001fb8e16",28
"598ba20f716a2c000187ce01",29
"5993020a5f49420001caf86b",30
"59c0782e5364260001dc4740",31
"59c86f966a287600011c393e",32
"59cf062758b71700019882d4",33
"59daff10e776fd00015ec7ec",34
"5a00a8160fff620001a6b776",35
"5a198755f2e3460001edc5c9",36
"5a2dc611390d120001c70ac2",37
"5a348ea750833c0001ee9550",38
"5a443703daea400001ac2859",39
"5a454e442f91ec0001dcb66c",40
"5a638189c0d836000107b798",41
"5a8b61fcf1408d000176b02f",42
"5a8e54c9f49c9a0001f3dc3f",43
"5a9262251eda410001360b2c",44
"5ad9cc7ddfcfcb0001e667f3",45
"5af9fab60a7ecb00011820b8",46
"5b05e0d131cebe000177c38e",47
"5b0b3ef830d562000155366f",48
"5b133bba30d562000155dc2e",49
"5b1f185488ee7400012b4b5c",50
"5b26da1934ffd00001b45d8d",51
"5b2890f10ec82d0001d24b61",52
"5b5d13d25256470001bc5ef2",53
"5b6142d1f5bc590001184814",54
"5b707a406f0ed10001bfb973",55
"5b70ed4b99982e000145eb7b",56
"5b98d9362cca9c0001de161f",57
"5ba345bcf07414000106135e",58
"5baac103748f990001a1101e",59
"5bad4be8b712f30001b87947",60
"5bc0ac845a09ea00012e2d30",61
"5bd45c509afb5b00015c48f4",62
"5be08e69610cba000151f1f7",63
"5be5c05fd153f500019a2ef2",64
"5be745d20dd2f60001a212b6",65
"5bf9b46ccad1240001e8a496",66
"5bfc3bf2f553fa0001fee8f4",67
"5c0727ff1d461400012b61ee",68
"5c10724111fe9a00013cd815",69
"5c1150e31e7d6900018207ef",70
"5c1976c90d57c30001b4162c",71
"5c38f7ac7ba066000164fd1e",72
"5c3b70640eaa0100018ea877",73
"5c4de8f726093e000134ee6e",74
"5c5a19299404f10001ff8cbf",75
"5c5dba4ed86a7f000191e5d5",76
"5c6d5477e8833000015244ad",77
"5c71a951d30a7c0001729541",78
"5c7d59f5d454af00160e34d2",79
"5C817D90Fae0130015Ce9Bda ",80
"5c82acc04fd379001524a6ae",81
"5c82c9a4d8302a00010639b8",82
"5c8f224c9d2bff0001867ce2",83
"5c92cda483617d0010bef1b8",84
"5ca6bbf13b5fcf00100996e9",85
"5caec6b270da3100017f35de",86
"5cb568ebf0e31e0017d9bf32",87
"5cd08e2ff59e0a0013563602",88
"5cf3f7364bcc6400019d71fa",89
"5d0e9d1bf403080016411381",90
"5d1a1b598eabd8000134603e",91
"5d269fedf6dec40019b87a59",92
"5d41df0ca7b5800001a0341a",93
"5d47abcc2dc88900166f27c9",94
"5d4e212b81ca1c001b21672c",95
"5d57f9cdedef630016280505",96
"5d5d431608a4b10016285091",97
"5d60b5beea1c1c0001c98bf6",98
"5d615f7632cfbd001b1b6dcb",99
"5d69678bf4d251001c0f81f3",100
"5d730a3cf37bfe0001ff031a",101
"5d7e7207461e51001c5c236c",102
"5d88f010859c9e0001810e88",103
"5da25f04c8c2de00139ed46b",104
"5da4152a3ab39a0011295a3e",105
"5da4d35c84ea7900178a366c",106
"5dbdbc9da319ab2ecf2a0887",107
"5dc0ac2c441a2105cbb3bb0f",108
"5dc19bcd4fbd08108de60b13",109
"5dc483cf74939e34e55c3619",110
"5dc9f3a0e2633171257d503e",111
"5dcccec0092079953154f997",112
"5dce29700ad506063969a4a5",113
"5dcec32a367c6d000a4282c2",114
"5dd0b886f78cf2181e048152",115
"5dd56b0bb0438951fd535966",116
"5dd72d2883e3096d755c0f14",117
"5dde0d3ce2dcbdd798721c65",118
"5ddecf14d3ac2affdc8df54c",119
"5ddef2e6929d5de6f1050f1c",120
"5de831cad4995d000c5fb540",121
"5dec01e809c107301c5e307f",122
"5dec8925be656d35d4005320",123
"5ded9996838b4f45b83bb3f9",124
"5df27b81acd5ce18b4bd225c",125
"5df66d09dc8535465a0b0bae",126
"5e11882114ae638303c715d9",127
"5e1276f7e69d0a912635da16",128
"5e28c4b59f0de509e0322c85",129
"5e29dc4721a5f20481c70274",130
"5e2d3e464b8a1a33ef37b241",131
"5e3309ad239ceb2d47d47c4a",132
"5e38e79295ff561112eae457",133
"5e3e54f69e51f80b67c1cc06",134
"5e5fe64a8278d103d35cac54",135
"5e7a2ccd69a7770604dfb352",136
"5e842a0eb85d4718ea8a6256",137
"5e8b32ec2c33ae7f20a0b401",138
"5e975ea254955d0bfe9f7929",139
"5e9c8deb90dd470441c7f98e",140
"5e9fc65dee2ccf178f0e413f@email.prolific.co",141
"5ea645096a1a5b65989587be",142
"5ea89d0c5a0a9c12978f8263",143
"5ebe015ae70ab70008895dbd",144
"5ec2feeb47c4471339d3b2ce",145
"5ec44da606cb7931f04a35e9",146
"5ec75df0d799ae1c11a8115c",147
"5edb15e94aaed578887b44ae",148
"5edb6d2469290d00092100f8",149
"5ee4b29de1640f1bc85da97b",150
"5eed1bae9e63ac127ac15a77",151
"5f0160c161fa112b27e788f6",152
"5f0550bf5819b18476ee8343",153
"5f119c5ad521140253f60e86",154
"5f1dea279f4818757f07f087",155
"5f36bde6d3369c0cadac39bf",156
"5f456942485340144549178e",157
"5f49f3262a3d07563d14a7f1",158
"5f4fd146ee39f70f490889c9",159
"5f5a0f0a612008057e58d281",160
"5f60d14a4b540f04a9473cb7",161
"5f63a30a09bd340c84c6688d",162
"5f6666e43be0b923d23c8df8",163
"5f692cb4ed7a291143a9c66b",164
"5f6be7056ec0431594b8b325",165
"5f8b30e56acaf60de565ef4f",166
"5f8bad1242efeb2f49156f51",167
"5f8cbc5c355ea745e6cef2ca",168
"5f960229c6763f4c74a50d64",169
"5fa0ba49fba2f914b8b15677",170
"5fa4c21a04bc5912180291bc",171
"5fb0a3d6a8e4224b973e750b",172
"5fb2041681fe9376804e1249",173
"5fb3d71c3144730009fe4a7b",174
"5fb96b9798cd084465b0bf36",175
"5fbd057ea95c7102638685d5",176
"5fc50bb38378c80ac88354ef",177
"5fc8a956800c80232e0b7a32",178
"5ffd055afa9eac21f6e8bc6f",179
"6009fbabfbc35d122a0ccee8",180
"600c63a5dfb7171357a02440",181
"60171c9b1a726593103182b3",182
"6025b3681ff1521a3369dffe",183
"6034badeb512f97ce3682dc7",184
"604bd44cb5668ba12cc9376e",185
"6051536b3e81428095504b35",186
"6056962634a5230dacdb63fc",187
"605fe9680cac2ea943d411ec",188
"6068bf5914131f3a1a80a413",189
"606a3cf263a18869ac8ee0ed",190
"6074b929f753216d88c77e88",191
"607eafaf008af56a5a3ba462",192
"608841496e9715786abdcd13",193
"609c6cc79875c8f0ba5d2242",194
"609ee7a707f13c414e5e87ec",195
"60a1d05d28c6acef0f115acf",196
"60a7c4434b322876925afaa3",197
"60b8242021561f7827855c02",198
"60bc4ab6673a043c66657cd5",199
"60c2670ee246bb9e550f9088",200
"60c4e59f7d316239aa92f87d",201
"60c50f3ccf2eebcf270b9488",202
"60cba33aa66d767b09f8e9e9",203
"60dcf4387e05bdb33d8701de",204
"60dfd857e293a99dd577f4c8",205
"60e00468ba249d2d30b2d7b2",206
"60e36e6ecb9f00e7b4dab92e",207
"60e5f1ae185cdcabc12f7d03",208
"60e8a63f733f423be3da1846",209
"60f5d68c9b6838e7659f53af",210
"60f838095603e27ca51820a7",211
"60faefcf667e07570bed9dcb",212
"60fd0c0177cf82998b783603",213
"60fdab454b8c00448c10fa27",214
"60fdcc2afba2a30113dd5b1f",215
"60fe2fed581d95673bd181af",216
"60fe3a34f7f4d5e48ad56af2",217
"60ff1675f00a765cb05017e8",218
"60ff1d7a96561cac342ad78b",219
"610008383c0a128712403745",220
"610019cae69b9ad34c95e3b3",221
"6101c29fcf143c16859632a4",222
"61089f3545e100ffed96d0de",223
"610971ac8159690397a047c5",224
"610c33fa86d4d9bbc1345e36",225
"610c940475aedaf9c70a190e",226
"610d6c481ca4797b863fe3d1",227
"610f326ceebada4236a67080",228
"61115d45bf7e63ad4bf69db7",229
"611179a3b4c11ea15ee89bd0",230
"6119bdc932d9ebe82ea581e1",231
"611bed11fa6a3b35c9226c29",232
"611c1cf68a3a6fc487b01d82",233
"611dc137b04afe942ca61dac",234
"61206e8d3e6a6ccdd064637c",235
"6124d122d91be3f612508804",236
"61258841d239c0785de6515b",237
"612bfe71a97242127201bc3b",238
"612d435206d267d587b12789",239
"612fa6644526903f736cf925",240
"613aae01f09a52a007cd063e",241
"61412d50c1d83f94e448c0f3",242
"614662c1c31697525616534f",243
"6146a63f67f04b6a616a2c7c",244
"614bbf1e7de43dee7386fe3f",245
"614f297777d0d8f5e2a5b354",246
"614f58258eaf7063aa888d90",247
"614f75c032f05a135099017b",248
"61506f90721dcdeca6e77c2d",249
"6151e479b4ee16668948c7f2",250
"615366914bfb3d9509710cba",251
"61539b3fa541b182c0fadde1",252
"6153feff56031fc0b414028b",253
"615462f0ae81eee116bde764",254
"6154973c69da7c97996a19f6",255
"615914a33224dc31f1045612",256
"615ddab1e4f013092538b6c5",257
"6162fa4fec3fe9d88d067ada",258
"6165d57d7256ba57447e76b5",259
"616ed044985dca605e572d22",260
"616ef9447d637785780d7343",261
"61731c0ef27028acbfbbf972",262
"61fa8f62f42b633229bbf165",263
"622a0d9a4f5132ad78e5f1b6",264
"62348c41368404b2ade8312b",265
"623519c893eaebfcb0046e26",266
"623a4d7294028cfe9638272f",267
"6266a84a363636eab2c40c41",268
"6266b47e6da251268380b62b",269
"6267c3d17f88988d0d787c7f",270
"6272919c35ab7659d0754c07",271
"62740cf8e39eba1055ef571b",272
"627e7b6d33e1df14160c05ba",273
"6282575ebe32fdc6268babc8",274
"6287a8c4a6303ff156cd0853",275
"6287b111c726d20f452d299b",276
"628de6437f61a055721e9c1d",277
"6294de1b341cd20e308d1a4a",278
"62963b6ead5392873d7d9fe8",279
"6296f6b50fbeeb28c63800df",280
"62976e7114308ee7c69d10ae",281
"6298d20b980818fad3ef7562",282
"629d16db307da2e64ea7b1e7",283
"629eff30a81e284571943151",284
"62a1636639d0388d4c859044",285
"62a227225db04eb9270b0343",286
"62a39ad98ce3882e11e54d8f",287
"62a740d9c5f27d3efa9d9403",288
"62a785aaf80843c6625599ca",289
"62a889993e01c9e01ee7066e",290
"62aa5a0b9032daf49f5c83b0",291
"7AF190D5",292
