-41.6655244074171,-43.6879227540016,-50.2284665560065,-47.4265040950171,-57.1102502138335,-59.4832651084888
-26.5063659946469,-27.6715172030428,-29.8239568759586,-30.9988982112583,-60.2181321124914,-59.483265108491
-27.9862532463844,-27.9301264638783,-40.2506157273921,-29.9630077808388,-58.7983403772848,-59.4832651084895
-1.56803298764824,-0.783214061270885,-37.0572927184133,-5.17911045270944,-0.945351028584802,-0.308421374677964
-26.360122233888,-29.3086410003561,-32.2031614633088,-34.2846620675336,-32.6568702647153,-34.688882404787
-20.593318446215,-22.4502494522536,-33.3282218386281,-40.8525359956838,-29.0718000785369,-32.5411560101865
-43.3302933280329,-41.8807476293265,-52.0441162404403,-49.2035586673097,-59.1281109758798,-59.4832651084919
-63.9547550751127,-63.6091581794701,-66.9093724571228,-64.921862271292,-67.962700255043,-68.7858283693091
-4.57307771185951,-2.57938270537817,-4.82430542514521,-5.09273104060057,-51.9725576518577,-51.4960480263239
-17.9961005680838,-27.5087195211163,-24.5394443394997,-59.3630939812582,-26.5071177511596,-34.6888824047881
-42.9043992958778,-38.428288012707,-50.0786709914363,-42.8738373223583,-50.5018756633922,-48.7061761579419
-12.1065733277478,-16.320296483312,-21.6378668299205,-24.6267785841938,-22.6153826824924,-25.3840102468989
-54.1913304314752,-54.4894329031916,-58.8265931321653,-59.3036426520484,-59.9713256493105,-59.4832651084928
-8.25181407656618,-10.8072543821057,-14.2690734215583,-16.4651955100253,-14.628958625957,-16.8018414642647
-18.3766402059329,-17.0905063725977,-24.3301023627077,-24.8076491101207,-24.8291761095339,-25.3840102469004
-9.04374401460335,-6.65307026608212,-13.8892395435677,-13.0679630312204,-14.2486163631722,-13.4774535742279
-16.7581413747876,-21.0975987915416,-27.6655436602276,-31.5700300012479,-28.8453421983511,-32.5411560101863
-22.5062831573388,-24.0517165891275,-26.165878876862,-29.8494112137829,-26.553326048604,-30.2823119505686
-28.059901112495,-31.7627920988723,-35.4575328123369,-42.0944830196293,-48.0170831335405,-51.4960480263227
-27.4987385580011,-35.3495446075735,-28.2398840620819,-37.3702373643742,-47.763750602472,-51.496048026324
-14.2918797048784,-15.0615231158951,-19.5013946641064,-22.1047008958663,-19.9332556668562,-22.7126841553584
-22.9282680709887,-25.3719482388757,-35.1364780272407,-35.9219706581701,-35.7368347976065,-36.7344994021582
-36.13857694995,-38.1916935313633,-40.1869544102177,-43.9435249667157,-50.4248097866972,-51.4960480263227
-36.6389106375116,-40.3559887179388,-47.9350367554351,-48.2574722399494,-50.0990454566726,-54.0475466810897
-27.6928714247953,-34.4493627025895,-41.0311499633526,-43.4325005135733,-41.6803780844586,-44.0304684090578
-24.0645035009855,-24.3544485550153,-31.84480795758,-33.9285157253584,-32.5676031015395,-34.6888824047881
-24.9089312929701,-20.1982139034115,-27.0633618809944,-25.1249722119951,-27.2255024641407,-25.3840102468991
-47.2020303129172,-47.3574762732022,-52.9456048592102,-52.959866396779,-58.0842855422479,-58.4974765132834
-1.60948425604437,-0.782526148460765,-50.1751215639782,-46.19419786945,-0.973101791896677,-0.308421374672201
-17.6303740587464,-16.12827789984,-19.8205932885262,-19.5879962162323,-20.0767372592963,-19.8632342530556
-28.5235958374423,-28.983774228277,-33.8685526899154,-34.25767361391,-34.3464230277594,-34.6888824047878
-21.8678883293282,-26.8697941816058,-26.2466965833283,-29.9939381403866,-26.7016254016034,-30.2823119505636
-66.8761217670486,-68.0479993410221,-68.5884091085998,-68.6048616326098,-69.5127252609369,-69.8633219532751
-37.4935886717944,-41.7710437125479,-43.830292520467,-48.2725442289759,-47.2241600193309,-50.1320135966452
-21.0642596358033,-26.833747208962,-27.1789949729309,-32.1250971418182,-27.8316623669978,-32.5411560101867
-13.7818471076676,-13.7195693767779,-30.1794455599879,-19.7947640792593,-41.5735578428038,-42.3285289779738
-41.3229758547088,-43.9190650712726,-47.4923355797443,-52.3659738025454,-51.6700455828938,-52.8004887960568
-1.21433891891015,-0.782929908209159,-47.3666115667104,-5.21097058649834,-0.651992950677555,-0.308421374680737
-15.3224028037648,-18.1564301626093,-24.8530280760214,-27.2313554716297,-25.8131512365598,-27.9012338222729
-34.8373669426698,-36.0024755511586,-41.948726769862,-41.7779357680753,-49.9221102690702,-48.7061761579414
-14.8380326415157,-14.523565981941,-20.4893912416578,-21.3537098880811,-20.956922964752,-21.9257251302463
-29.1127285565688,-35.3754083008897,-37.9439199720942,-40.9313680686953,-55.0724663884415,-57.4624628416927
-20.6637659142602,-24.0926377733805,-24.3501830350668,-29.7130872599198,-29.5946361829504,-30.2823119505598
-25.7637057311791,-28.6309795028521,-51.1689397875137,-36.1799313697308,-34.0860821704649,-36.7344994021582
-19.4747284436665,-22.6145536235145,-35.4552336474934,-40.9559006698717,-27.7216499917206,-30.2823119505661
-41.7227111571385,-43.717596358623,-44.0307123714083,-48.2593400819787,-53.6985428725275,-51.4960480263232
-16.5686358679761,-16.6580228760615,-21.4466572021085,-22.269069762851,-21.8456566634849,-22.7126841553581
-1.49946355049911,-0.782629322740477,-44.1666781576058,-0.307041052405804,-0.929800091737344,-0.308421374669696
-13.2277871458888,-15.4784828799643,-26.827743006948,-18.4451300581978,-24.7091451609886,-25.3840102468993
-33.9827624526214,-38.3216124543427,-40.9889329876008,-46.6335151955738,-41.6394285390148,-47.2158772025165
-10.320845612738,-9.35536991699218,-42.58143667947,-55.3799179113717,-20.2523917057393,-22.7126841553586
-65.8657000960656,-63.9673610835251,-67.6357906459712,-65.447174890119,-69.2575457316504,-68.3654612306184
-41.0983967730332,-42.2556766460755,-45.2981993601819,-48.1187050240775,-62.0465349554747,-62.158423046322
-35.7292109635391,-39.3271874433911,-49.2445864312664,-42.9307972136186,-56.3638036410696,-57.4624628416939
-4.3574907316102,-3.05583438632513,-45.3643144876833,-42.3557187505802,-5.45014524374491,-5.60577541978913
-24.1066128187403,-23.5192944716946,-31.219218326389,-26.0155165485778,-36.3267414896443,-36.7344994021582
-9.65525707438695,-10.6545205573606,-59.5980321923801,-50.2430931361432,-19.7841684962255,-25.3840102469
-27.3455821835739,-29.7719716382223,-35.1168592616267,-35.1477301235686,-60.0183329883056,-61.3124621597057
-10.7376126354919,-7.38235584414246,-14.865739232591,-16.1907752194555,-15.231057629596,-16.8018414642647
-5.24733318954826,-2.82711413261868,-43.1754719354437,-41.2341833130833,-7.01702952201429,-5.60577541978915
-47.160606250299,-50.4392771489047,-56.5521039996124,-53.2272829636483,-60.7474931280338,-62.9600035076459
-3.51421040154398,-2.42773058068794,-35.5512570609767,-42.796761329589,-5.24459143507941,-5.60577541978918
-68.0287066190732,-67.6212771360968,-68.9778640455251,-68.2847767468208,-69.9266208558471,-68.7858283693062
-11.7273661069283,-16.3912230300724,-56.6623425363488,-47.7218845632127,-19.1026900695648,-22.7126841553583
-30.2966327351561,-34.7624313523526,-37.8929836878866,-37.2458453782524,-42.5128915080303,-48.7061761579424
-48.0504085104698,-47.3999278151031,-54.0860432533904,-53.3596424905762,-64.3023553796924,-62.9600035076407
-28.5055542034211,-25.7403085936496,-34.6703231727456,-33.9683960884159,-35.2371885730771,-34.6888824047884
-1.64575632822573,-0.781577454151629,-36.9655826541825,-5.20588660315621,-1.00556515394879,-0.308421374685091
-30.6494922902567,-40.9149541935479,-43.6349366780122,-43.9748457582624,-57.3845672746746,-61.3124621597072
-29.8274536367107,-30.7103097346809,-39.3743911576669,-42.1583965111718,-51.9284729128768,-52.8004887960566
-1.60679458121989,-0.783494237888615,-47.421756048538,-5.38813640788117,-0.977704510488458,-0.308421374677354
-45.8631519963455,-44.0023036660444,-55.8824281142016,-53.1123372949673,-61.7511630889102,-60.4211772266693
-31.7352022825728,-31.3338501932981,-41.4982956465202,-44.9381222455061,-42.7651920681524,-45.6584051382085
-14.029884774612,-13.7236831262615,-20.7188780930789,-20.50035162277,-56.5542997485318,-56.3768332822115
-27.1573603033177,-34.3194904202123,-33.4288444131337,-38.581444087669,-50.7682411387396,-52.8004887960568
-39.6017918540731,-41.5114640761152,-44.8956704767746,-45.985359492507,-56.9750379037715,-58.4974765132834
-5.07952630290304,-5.92609656015462,-47.6271090222588,-42.8882405980672,-17.5987341469927,-19.8632342530554
-1.66015806281481,-0.782893183768385,-58.1407980724561,-5.31902975085036,-1.02372683257798,-0.308421374677711
-39.3273383619686,-37.9663621246347,-46.8978951277525,-46.9616317841054,-47.4647303258917,-47.2158772025164
-29.6382419942064,-33.5369342235746,-53.7649344751288,-41.7781185825629,-38.9513365520721,-42.3285289779739
-3.64461598438796,-2.52717868670869,-17.5998803431343,-5.45098084510397,-5.29837788080157,-5.60577541978913
-19.5146789551989,-22.7889706547115,-26.3746106746715,-29.679997015021,-26.9495136545821,-30.2823119505623
-8.61257009775137,-7.45101169626149,-28.9927977037045,-30.4476085815692,-11.6075821334665,-13.4774535742279
-1.58075562184142,-0.781059649017007,-43.3154120049073,-38.0877642836081,-0.97730373560763,-0.308421374680028
-1.58024241228403,-0.782582030059616,-54.5117643144227,-46.2071602189545,-0.949712102109266,-0.308421374675482
-26.696031355059,-33.665111178314,-44.6478468036014,-43.5936847228998,-49.30044775585,-57.4624628416972
-15.0241931591547,-20.3932901400929,-29.572092827587,-34.2728871940268,-40.1841140027833,-40.5484533471823
-6.46695878647792,-6.23203553996731,-28.1917210174073,-13.0783436894388,-12.3873069588442,-13.477453574228
-29.1911409204074,-37.7540165059086,-54.7327853850299,-41.5473244831521,-51.000433330878,-54.0475466810864
-28.7311943869098,-30.3902044180866,-34.0499415462559,-36.2268360410529,-58.6091507690546,-58.4974765132833
-32.7709962593063,-35.3788732799527,-44.4309656301429,-41.7714856349709,-58.7607734583073,-60.4211772266686
-36.3866132147783,-39.6370993519028,-44.2095944097079,-44.5569522927116,-54.7421362057589,-55.2390701374079
-16.5880434348355,-19.9042698774493,-25.7303249495399,-22.9624139815913,-26.6487425170509,-30.2823119505611
-58.234237950344,-55.6020417813683,-63.3356570969429,-61.1440811960515,-62.5358871759286,-61.3124621597049
-15.1974379083654,-12.5866811671986,-18.0423899970863,-16.5111410109758,-18.2820258873015,-16.8018414642647
-26.8868742748935,-28.4666323533681,-34.5913360756648,-31.105069315613,-53.5886924241744,-52.8004887960567
-22.8941698793618,-27.6065408061424,-31.6769254144253,-30.5296621245431,-52.969362718376,-55.2390701374078
-39.0490981920708,-34.6824630067752,-48.996553883364,-41.8108291677221,-45.8466631067815,-42.3285289779738
-1.64855019104984,-0.780289201745405,-18.8699359523601,-43.4930410636833,-1.01618417557051,-0.308421374672013
-43.0502163715181,-39.2248336898558,-47.2208662455499,-48.76460323901,-58.4928944270451,-57.4624628417037
-22.5301132829659,-25.7228128136086,-32.6266277979238,-35.9569414363871,-33.6087520532917,-36.7344994021574
-26.5445338676962,-26.5788226874755,-34.9207828977614,-36.7188448022007,-56.7729202628804,-57.4624628416972
-48.0161076017961,-47.5690525310365,-53.5004718017669,-51.0689246224729,-62.1681420765832,-63.7184962557053
-27.2789871840098,-27.502182019644,-36.440597393489,-40.5601789870836,-57.0633776502204,-59.4832651084926
-31.3096652758685,-43.0784171098611,-45.1730648165591,-47.4373270257946,-58.5675817902497,-61.3124621597072
-17.2621472228137,-17.8748994993604,-23.0851490581945,-24.847829693085,-23.5989144508947,-25.3840102468995
-29.7420203255849,-29.4289089824146,-34.1674115217108,-37.9361120940858,-39.3931211252797,-38.6855749592007
-39.9546463071989,-40.5158152345274,-43.6759187345397,-49.9380281954273,-58.5399446817775,-58.4974765132835
-28.1865667682158,-32.9446927014136,-41.0076971329366,-38.0537516059421,-57.7087775109699,-58.4974765132835
-49.5700586056065,-49.0426091638569,-53.9780544869454,-54.3447003805647,-63.3624770257477,-63.7184962557074
-22.927857695451,-26.7415062274439,-31.4092493049156,-32.0655377100354,-30.8390538929242,-32.5411560101869
-20.0196302411341,-3.33368800507791,-28.2325733221313,-4.94102623375149,-56.1144413365539,-56.3768332822114
-12.8512760639356,-22.199149112021,-57.0748143424201,-25.6411589142529,-32.8079224869649,-36.7344994021588
-23.0509096808941,-30.638535118096,-39.7189735706122,-36.3129215184732,-33.476520267092,-36.7344994021582
-9.98466678511193,-12.7096050560183,-34.4163167954294,-46.9927384345622,-19.6253531819735,-22.7126841553586
-28.7295756574153,-26.7902004226862,-35.7885006599409,-30.0008876822878,-33.2011458161948,-30.2823119505699
-14.1109974068702,-21.2677671155524,-19.5110749695425,-24.4364596837114,-39.6086265392628,-40.5484533471832
-38.3894521395822,-42.178853007472,-42.7031729911681,-51.348764801755,-55.435139617679,-54.0475466810887
-10.3990119210668,-5.95471495780567,-22.637692759016,-27.8950127115835,-17.5834343859877,-16.8018414642647
-11.9909805592851,-13.5249227674427,-26.8242505745579,-27.0969510416431,-61.7137662478836,-61.3124621597053
-54.2164790142819,-52.7232433259262,-60.4140867717661,-57.7398075928862,-63.1413566668144,-62.9600035076476
-20.4996087803074,-26.2689445497468,-22.7881879601598,-27.7662894599335,-38.6714607581311,-40.548453347184
-1.64321362375687,-0.781320211246956,-29.2264013876311,-41.9605627515991,-0.998716633097658,-0.308421374675737
-37.2771271435581,-44.8823157351539,-48.0569973162766,-51.4654331696992,-61.7834060046047,-63.7184962557089
-1.60866610345606,-0.783116423533144,-40.5716339467594,-40.7584829874155,-0.986689788764224,-0.308421374675216
-4.18286435891322,-3.31026068668323,-5.27251791084788,-5.46405956990453,-5.40574608628918,-5.60577541978878
-3.36831342019113,-3.6909884463312,-25.2261074051087,-6.11367475321537,-5.97076310815828,-6.31623123247972
-24.8879725249119,-29.6419698070618,-35.1598120395276,-38.0135622771487,-35.9780314016175,-38.6855749592009
-27.5626768557927,-29.1325702812531,-46.8995101682446,-36.8478252230075,-55.1612014229245,-55.2390701374051
-39.8102559155717,-41.8002810122428,-43.2918831807253,-49.5505138747096,-56.8442330287057,-57.4624628416972
-4.88540613611168,-4.83011126373516,-49.510248688491,-53.9209708410277,-8.91179050149963,-9.80406558698189
-13.4953868854749,-14.9664664455135,-19.4240213109555,-22.1706578977724,-20.2607873516174,-22.7126841553585
-27.6567762478169,-31.7599434595717,-31.0132890408364,-33.2177494804098,-52.0701635689569,-56.3768332822106
-24.2591863841289,-25.77812510677,-31.5272580868486,-27.640921255524,-34.2917275026755,-34.6888824047886
-6.41437731648072,-7.77229568831107,-13.8141627323054,-16.2303299570146,-14.6005622695349,-16.8018414642648
-14.9576148455243,-11.9994633303184,-18.1845145518285,-16.4976851975044,-18.4705433352296,-16.8018414642648
-20.0728081909669,-21.7679337261503,-29.7820426964084,-33.4422470925289,-48.5877219122114,-51.496048026325
-24.4546566155443,-22.9292420083554,-36.5186464164108,-46.4130294662004,-38.5303455809088,-38.6855749592006
-8.46634163200866,-5.02214717737201,-60.8428052833945,-48.6680071763467,-13.5695200431329,-13.4774535742281
-18.8769447978457,-18.0044912427729,-24.7060720546577,-29.388925531027,-51.4717231114149,-54.0475466810876
-28.2626377339513,-30.2850586596756,-34.3985981362707,-36.8432095346382,-52.3669713955844,-52.8004887960567
-25.5766137702008,-25.3340663654931,-30.2463463109069,-31.5798096588447,-57.3284488153771,-57.4624628416917
-38.5798392641229,-42.0984447115386,-45.3959454045853,-48.1327157939569,-46.4502425336618,-50.1320135966451
-25.0384671383187,-34.4630437477596,-51.5566885063991,-53.7498652011856,-47.8984386243921,-48.7061761579414
-26.592669974268,-30.1704801664489,-38.2441289140318,-39.8048869258472,-39.0638376101062,-40.5484533471826
-36.5527749859653,-42.2695080758709,-43.4210098962945,-47.9329783162138,-60.4973974583844,-62.158423046321
-31.4373137461689,-32.4126952446034,-37.316983261878,-38.1806332608627,-37.6773792903788,-38.6855749592004
-29.1297798263403,-35.8995645794374,-34.9279116234719,-42.6427914317605,-54.5310395499688,-56.3768332822086
-26.376098781707,-34.9546647640923,-40.993360450706,-44.4721786768922,-45.5983648197536,-48.4964130915923
-25.5514229993708,-30.5215330286812,-35.7494392256583,-33.987585822059,-53.4908569233032,-55.2390701374078
-26.9262539588964,-32.3976339397182,-38.0769226084083,-50.3663005974759,-46.0043329470414,-52.8004887960567
-26.8886710647086,-25.7812150292584,-31.9673329078703,-28.4867465195018,-50.0038326839434,-48.7061761579409
-25.0825654775076,-30.0588315061418,-35.5087272140952,-38.6481349548975,-51.928472912878,-52.8004887960569
-19.4108716355798,-23.6479560783919,-31.2660627128412,-35.6645595353668,-32.4098027358157,-36.478010498801
-24.4463751274691,-33.6610103346439,-32.1365395625701,-42.8571608515673,-34.2304597189723,-42.3285289779733
-20.6423738020445,-22.9452594499223,-28.4895340057929,-26.9657087955559,-44.4342094700207,-44.0304684090562
-32.1711734006783,-35.8827265849928,-37.2462607185761,-51.9141610585375,-57.9496728856422,-60.4211772266694
-21.6168166647719,-19.7738926228337,-34.3920256546742,-23.1080407288863,-35.2907177887013,-34.6888824047878
-17.1775734279011,-21.5341402841403,-35.3388164451712,-27.4559577207386,-24.5655787780041,-27.9012338222712
-44.8162866398133,-41.0588416650645,-50.4613701211068,-46.5936147312639,-58.1557807112082,-55.2390701374065
-32.1641457765244,-34.0262448279875,-39.3101128709044,-40.1531348863067,-39.7683757258485,-40.548453347182
-28.5749702835356,-26.6717132000548,-31.5856211119867,-28.2889377749836,-44.7025303250504,-42.3285289779743
-20.0529544425939,-26.0408073484582,-30.2213161376409,-29.36043822679,-46.0972126332967,-48.7061761579417
-38.2860539473782,-33.1498549698976,-44.6439623346779,-43.2622473493533,-45.5392322061048,-44.03046840906
-19.5662627921103,-14.8891825187966,-26.2025006916341,-24.6527127786165,-26.7783548824516,-25.3840102468989
-15.5631033169904,-14.1950577472757,-20.5335058911663,-22.0410458580346,-21.1455380246664,-22.7126841553587
-65.8638224578228,-64.1338440261809,-68.4213616002661,-65.7752847161786,-68.9041072709587,-68.3654612306167
-1.60788399385923,-0.783949855435841,-44.351166141152,-5.24607304115839,-0.963848958545707,-0.308421374681079
-16.9017841254314,-19.6972337744487,-31.1581995919413,-31.6836739655024,-32.4489737405197,-32.5411560101863
-1.65470942031706,-0.783476238178951,-45.7907782880104,-51.8828844604685,-1.01279252442218,-0.308421374677354
-47.9223857807091,-48.4145248309788,-55.6389551808717,-49.2993887888094,-59.8578272304676,-58.4974765132836
-30.4899565604672,-30.9382062031488,-33.3944282851899,-33.4594964825754,-56.3201713857668,-56.3768332822093
-35.9223072705483,-37.0172920445835,-41.2124483999384,-42.491663607983,-47.2241600193309,-48.7061761579417
-22.2660994580861,-28.4739266718352,-49.4822437855324,-54.8999624534393,-54.1704875388046,-55.2390701374086
-25.9752664129715,-27.2037476042983,-39.7692745097249,-38.1982017823987,-54.574512804297,-55.2390701374071
-21.4684232657881,-24.7826044014022,-27.9497332006823,-32.7695986642703,-56.079159767512,-59.4832651084921
-63.2016604335234,-61.9284668995963,-65.9714083150999,-63.8771971763141,-68.7122462619719,-67.424933312764
-1.62131563566991,-0.782346217587231,-39.0426872904936,-49.7921254671265,-0.985840176026105,-0.308421374681601
-19.4706378612253,-23.0084255981841,-44.3933903735021,-30.1112658074069,-49.3978172928777,-58.4974765132835
-56.3784788682423,-57.0002352931469,-59.7886170410594,-59.3895321099239,-60.043713495593,-59.4832651084935
-1.62418137250823,-0.781908948256118,-34.2621797358504,-50.0172516940718,-0.986050507640122,-0.308421374675737
-16.8172260466871,-22.3691335173147,-28.7023458961843,-26.0822263020057,-44.2010490344415,-47.2158772025166
-64.7297224386812,-64.9157122173235,-68.4700598627424,-66.0394750504005,-68.5236172371476,-68.3654612306184
-18.4723625580907,-16.0821035453493,-27.8445522167976,-20.040276465678,-29.3600084222902,-30.2823119505611
-1.61012912301476,-0.781841219681434,-52.3869886369842,-41.1840616782212,-0.972907913433102,-0.308421374680737
-10.1482474222291,-9.96001723556203,-52.5731615912758,-16.3997249684946,-15.3515709510769,-16.8018414642647
-16.73266686089,-8.62046292593704,-23.7185116434092,-11.0789713940295,-63.0186260086746,-60.4211772266664
-26.7452586930608,-23.6322182863156,-46.5308869720374,-29.4352672827841,-53.6989742915185,-52.8004887960567
-17.2166421861207,-20.1700549533304,-19.568883014887,-22.5168184633153,-19.8054734638122,-22.7126841553585
-36.0438127793341,-36.5996103835763,-48.4291087820704,-49.3405663465254,-54.9860382617976,-54.0475466810789
-60.1669542423704,-61.0128142702592,-61.879728235536,-62.6523939643649,-67.5633510912623,-67.9122278933705
-5.38613218511774,-2.82280636396071,-8.42870342117563,-9.41630514295224,-9.00396768109501,-9.80406558698185
-13.4402914881762,-15.0823264489617,-18.6173946437475,-19.5362673763254,-19.0648103128977,-19.8632342530546
-40.365656196516,-42.4662611690058,-47.9730653541955,-48.3143696821158,-48.8116938957508,-48.7061761579409
-33.1993797209522,-36.4850591848301,-40.9177000369214,-43.728376134764,-60.3071431533254,-59.4832651084905
-54.9469985510977,-57.9194967546359,-61.3515558298562,-63.1907304009928,-64.4574675878519,-67.4249333127611
-2.62320710046575,-2.14290728165721,-28.3891111068756,-5.4294435562638,-5.21247024165883,-5.59550565372505
-13.145226373833,-17.8788007816069,-49.3380503231865,-47.1345570983672,-52.0457035360461,-54.0475466810822
-33.8782104563888,-33.8449822048547,-42.4207522277827,-41.1463981499023,-52.0470695893969,-54.0475466810898
-15.1542779010202,-14.8334115209899,-22.1124843025479,-20.2641889407935,-39.3834126236023,-42.3285289779735
-47.939738720345,-49.8346767462276,-55.0884276001942,-52.0457424018326,-58.8869108790338,-61.3124621597053
-34.1028336478486,-38.4084377366109,-47.2895822270126,-39.5093059517477,-54.1539795236787,-55.2390701374063
-42.4676268878253,-44.6182433831242,-46.5225936027724,-46.3044585655452,-59.3848369358363,-60.4211772266664
-7.21828469940077,-8.30415272264208,-14.5031795669075,-16.2641072263112,-15.1542866900344,-16.8018414642647
-44.1484284606639,-43.6790566431376,-46.4416134724791,-47.8209581750719,-58.8120191679117,-58.4974765132835
-29.6291803963453,-35.4337579061997,-35.733470810518,-43.5174793213569,-40.9905852666584,-44.0304684090578
-25.299139764302,-27.4492580952528,-32.8909014291143,-35.9054663206205,-59.0416721553359,-59.4832651084944
-25.0133229384958,-29.4660452888219,-39.9471134964896,-38.3917050463352,-44.4120105059229,-45.6584051382082
-12.2767591487846,-17.7263419788605,-37.8447802811157,-50.2849132301402,-29.056214876071,-32.5411560101869
-41.8798117925319,-43.7432322013074,-49.2636046455393,-51.9740516819104,-55.8113997259117,-58.4974765132834
-12.5250190998922,-14.8388417427219,-32.9820123260456,-19.5204769147446,-17.469176340654,-19.8632342530559
-26.4158740564401,-27.4859023787998,-39.0036750294298,-36.0722068258693,-35.3020639315659,-36.7344994021583
-32.8387927519637,-33.5099499761903,-41.2828192233578,-39.9438884720619,-42.0420035728456,-40.5484533471837
-64.2689843315186,-65.6238678044443,-66.3004941367046,-66.7015503482723,-66.3761776069065,-67.4249333127626
-52.9022915407771,-52.7761763854074,-55.1127741134883,-55.1321407979726,-55.2078553250027,-55.2390701374085
-27.7127563093831,-30.872650852633,-35.1672417290985,-37.2196805707674,-38.0024721106656,-42.3285289779736
-57.5932541418326,-56.0130174733869,-60.1513760786847,-59.1002476929901,-65.8580258305665,-65.7460742284195
-31.4298817468653,-36.7980063456289,-41.9964396045418,-44.48160461541,-56.2851166121649,-57.4624628417027
-52.9127952396505,-56.7499175710313,-56.5759474405842,-59.2325750643272,-63.7030210447552,-64.4349611561527
-30.9688193172491,-26.9996089374193,-39.2353444279006,-32.3746945043987,-53.6230741314045,-52.8004887960568
-33.4614909306709,-34.4114937463977,-36.9333018627628,-38.3162483325521,-45.4788921261405,-47.4113594231085
-60.0566141530932,-60.2184966475195,-64.8680367684276,-61.8842832266033,-67.5343752374782,-67.4249333127626
-1.55639225050926,-0.783982904583498,-47.6324612444947,-0.307094409543218,-0.929547925807418,-0.308421374674835
-21.3283108635374,-19.2059028325519,-29.9564590240647,-27.0212833348435,-53.7705944837677,-55.2390701374079
-35.423084757941,-32.3798617612013,-44.379339809504,-39.518658053058,-54.5866312639244,-55.2390701374079
-29.9626212347196,-29.3826920857984,-31.8891206712704,-31.7210634006377,-47.6187273891819,-45.6584051382095
-29.6845806664627,-30.0855485098858,-40.5401093870513,-43.0291968598639,-41.5277445266985,-44.0304684090619
-28.5016585269914,-32.1122112846735,-37.6255155338022,-41.352493960868,-53.0662087525198,-55.2390701374093
-33.3074626173389,-31.4812374793278,-37.0395593407625,-34.4407865508565,-37.3156943120083,-34.6888824047876
-8.47326226695113,-2.08301636729378,-50.104346583311,-43.077342062302,-51.0654425539878,-48.7061761579425
-20.5085146973051,-20.4987133556022,-24.100473778675,-24.953546452241,-24.754229676222,-25.3840102468999
-7.69367878625435,-2.30339424734939,-8.85957137458684,-5.44610033489734,-8.96297881989162,-5.60577541978904
-30.7325298216758,-32.3539261803655,-36.1658734857337,-38.2341253535826,-36.6074323299202,-38.6855749592004
-18.0474643056817,-21.9556481059999,-23.6982272264665,-27.4378807737761,-24.2486035719733,-27.9012338222705
-3.09138990313302,-2.47044290760915,-44.0233937705947,-41.3557038860088,-5.28815464339484,-5.60577541978932
-22.6198665785514,-26.5749249564974,-28.9790114461304,-32.2004366362348,-29.3913181216276,-32.5411560101861
-4.97426381843897,-2.61871883173663,-62.50533971038,-7.69195866740167,-5.83611787230822,-5.6057754197891
-15.7919580316386,-17.3624761742525,-35.6922984627987,-38.9580517811001,-37.155332633699,-40.5484533471815
-30.3589394800188,-34.2477490707335,-39.5187412714118,-39.4555837820244,-55.1421786916705,-57.4624628416928
-16.7838549945008,-10.3796213899311,-28.6129888032434,-16.1015662417155,-56.7232481218763,-57.4624628416961
-18.0240292971952,-31.3525222687538,-50.0447806287664,-47.329134706392,-49.7877808778095,-51.2617008382772
-1.61099624942085,-0.783606910484313,-47.7616438525493,-5.30358495396799,-0.972334057056464,-0.308421374667223
-1.65864610916449,-0.783893542812513,-60.6516904983387,-5.12773715402462,-1.01570580109937,-0.308421374680737
-26.273710218049,-31.0941097772339,-30.5236712967975,-42.6193237059109,-42.6811953018731,-44.0304684090593
-12.7120318784162,-14.2755588755842,-31.7471087351638,-19.5266562798048,-17.5745602672392,-19.9139571975088
-1.63245027663451,-0.781592131938371,-57.5883741702101,-52.5091590775243,-0.997818439954065,-0.30842137467567
-27.4076246849943,-26.0402080092122,-32.1914555975256,-27.5464437905569,-40.4657474488735,-42.3285289779738
-37.4523334959873,-44.5071213125688,-49.0528092741318,-51.4409944413181,-57.61406832504,-62.1584230463217
-16.8202011260335,-20.2441391517177,-36.071818408858,-27.4447232191215,-24.3145094638262,-27.9012338222749
-22.9369144439708,-23.9218343678184,-35.2832503036924,-25.2771878988453,-25.0781060146064,-25.3840102468978
-28.0436112984881,-25.0786801648568,-34.1155822064924,-27.6631578404571,-44.4334647462383,-44.0304684090585
-23.7439934890347,-23.1974896924998,-43.7267349360248,-41.158578069684,-40.4026345077689,-42.3285289779738
-24.8496611568039,-19.6519045917656,-40.2697324338313,-24.9678847364155,-43.3995043238998,-44.0304684090594
-48.4625600897196,-50.5468569519508,-52.9867272930758,-54.6225745844735,-61.8676008773762,-62.9600035076459
-41.8517154212861,-42.7905944274545,-48.2624235375015,-44.6857293194469,-55.2458401737159,-55.2390701374085
-26.2780950554983,-27.2405137598861,-39.9647408762349,-39.5410477733223,-52.7946176079373,-52.8004887960568
-34.8420803099566,-37.3687731055946,-39.4755940244376,-43.7753201656548,-58.0190818753607,-59.4832651084913
-60.7499820782051,-61.1696551014165,-65.6022411840165,-62.8102683204406,-65.7379305007239,-66.3429312650317
-29.0292481313278,-32.6952886947298,-40.5523804891471,-57.8927233606596,-42.1279272135406,-44.0304684090577
-45.9309447605198,-47.1014146634804,-52.1602587376534,-49.3420694838895,-60.9369356319308,-61.3124621597053
-6.8965110235627,-3.98430585009697,-38.7225882972651,-13.0196769346719,-12.0656243577034,-13.4774535742279
-44.8795498237703,-49.4718247363577,-51.5451324392328,-56.0586503853712,-52.0636275771675,-56.3768332822149
-29.8351364483373,-25.7126353440567,-33.5407471494685,-31.9623595698704,-58.4127296998927,-58.4974765132837
-55.9625020391064,-56.6654619795846,-61.4857315571175,-58.2221332436152,-63.8002487307613,-64.4349611561527
-33.4446913892873,-36.0798837132669,-41.043390577361,-42.3526745294967,-41.6210412884836,-44.0304684090585
-1.62786421364566,-0.782996966984058,-61.4466536728941,-0.307068710180404,-0.989559229515767,-0.308421374672201
-13.3118125668563,-16.6447469513817,-53.2745255001676,-55.8562509536284,-33.1388970007549,-34.6888824047878
-24.9474667920609,-32.4283029651161,-43.4697908387862,-33.3025913424666,-48.1779512040607,-51.496048026325
-25.6022638308294,-18.1542437264957,-34.4187454959649,-29.3085089908122,-35.8803011148285,-30.2823119505636
-22.4025018180947,-23.5358974465266,-37.2227201837525,-37.6667502255551,-38.3060212963859,-38.6855749592003
-16.9653863895247,-25.4036173750015,-26.895609430527,-33.915713153522,-51.3331285488327,-52.8004887960568
-35.7061147976284,-31.5298683239936,-44.561976861926,-43.1634402143059,-45.2229313967124,-44.0304684090602
-23.1677215391482,-29.8567446021538,-42.3068610874636,-43.7612813239109,-48.2161431817177,-47.2158772025168
-24.999085813814,-27.0764660480647,-42.9087845269451,-44.5041953658977,-44.4017325368864,-45.6584051382075
-36.0647556241122,-34.7073562593191,-44.3257862096207,-44.868483611372,-45.0195987280474,-45.6584051382084
-51.680858416604,-49.2217016906646,-53.8372470939227,-51.3461983673683,-54.0627840712306,-51.4960480263237
-31.7467445913509,-31.7623150209843,-36.5792349271035,-36.6558880349741,-51.328912560868,-52.8004887960568
-33.9759734531794,-34.4988952628628,-36.7968094690267,-37.3665158663456,-53.5810559729353,-54.0475466810822
-26.2289119388273,-30.5537370494181,-40.2789171657611,-41.2682009124992,-48.3799631761572,-48.7061761579425
-4.13793796293017,-3.27753605664738,-5.19938071385585,-8.39671605450845,-5.33460366520168,-5.60577541978914
-22.7013653707744,-25.7114956526484,-42.6970604299933,-38.0534992589686,-44.340634620117,-45.6584051382098
-26.904643855526,-26.2738186714425,-36.0717344462876,-30.0550217827734,-53.0875783986808,-55.2390701374108
-21.3140102724315,-26.0477339289282,-33.5633392366797,-27.7412814353029,-34.6528842536077,-38.6855749592006
-28.0516786171351,-27.284027692003,-34.400194043765,-37.9104429719817,-38.4118753599996,-38.6855749592008
-34.9153737824125,-37.7077751094491,-46.540214651123,-48.0014693636372,-46.2460984101322,-48.7061761579419
-20.3977565348098,-21.1344422929722,-25.3247815267964,-24.8838339637367,-33.8402972298483,-34.6888824047881
-20.7971702592596,-21.7006642206945,-39.9332971656215,-24.3038219615743,-36.4225830733515,-36.7344994021582
-35.5471158305069,-40.7360286786159,-41.2590136253997,-45.8615237989193,-52.2015544463284,-54.0475466810887
-21.680071029155,-27.6107342762409,-34.4608706563511,-29.7577129246005,-39.196650634813,-44.030468409056
-67.3229512184979,-67.6376421251183,-68.6886239201734,-68.2950280316267,-69.4671788278618,-69.8633219532805
-50.4709028152191,-48.6404200178261,-58.3200527566545,-54.9162994916113,-59.004883744162,-58.4974765132835
-33.9548265473566,-41.0608678442752,-39.7516282377477,-48.2454170037253,-45.3140231056349,-48.7061761579417
-34.7151637205682,-26.9822753104273,-46.6621431731372,-44.4092243365803,-48.4947098660054,-45.6584051382095
-3.71720648628382,-2.26073104297658,-57.4341637789535,-48.9560879357255,-4.84439085810649,-5.60577541978881
-10.8806482292934,-16.4989109851626,-36.7470255428553,-24.7595676295456,-22.4389966285616,-25.3840102469
-28.4651781124923,-33.4420135409581,-37.5822228261117,-38.920451170795,-58.0694912558176,-57.4624628416994
-10.3342477846891,-6.44866494015122,-12.1613810048167,-9.61817126055284,-12.352839510744,-9.80406558698184
-30.9304600825217,-31.5111785954643,-35.9121910326702,-37.5101073155326,-55.83843599539,-58.4974765132834
-14.7636891282968,-15.3060743689651,-33.9125392586363,-37.47030726628,-19.4384577781389,-19.8632342530535
-42.6912911113113,-44.7739780252337,-51.0456180439786,-52.3265541169842,-53.0595492934016,-52.8004887960567
-23.885356174036,-26.3704531380349,-34.6196016618833,-47.6791112384522,-36.994461572867,-40.5484533471826
-18.4379498468484,-24.2851476010683,-34.8072738709551,-39.4854945322888,-36.2965820421947,-40.5484533471809
-28.0905261935025,-29.8348697764607,-36.1483354911092,-39.1404904770777,-53.5755252233781,-52.8004887960568
-25.451518588406,-29.5809619719794,-34.9863476179922,-37.2587331952367,-49.4869206924916,-50.1320135966455
-25.8839336225867,-37.9396234489446,-41.5340521614723,-41.022896620145,-49.3964567322575,-56.3768332822134
-22.7167639366204,-26.0064518695513,-52.9108878629939,-37.7661721561492,-37.4945924850463,-38.6855749592003
-37.0679863010969,-40.2455924898998,-46.9076690133404,-47.6013141113501,-56.6420694154758,-58.4974765132835
-41.3496626906881,-40.8206229490321,-50.7422827389718,-46.9086812282414,-49.9544157672183,-51.4960480263226
-46.92761763336,-51.9139432233851,-50.2288467473573,-54.9934971202141,-54.9522067532703,-58.4974765132836
-14.7203460745784,-18.9602333152794,-21.4190561610841,-24.8947506992351,-22.1079280826272,-25.3840102468987
-30.2809866573444,-27.8619931570369,-42.3858677587013,-44.6847092445904,-49.5454741155591,-51.4960480263237
-1.50208979917157,-0.783640103284287,-43.1482792830707,-46.620873672406,-0.901155930536685,-0.308421374667223
-37.6688383788502,-37.5556643118548,-46.7893225482677,-43.7667364167911,-51.9852973202225,-50.1320135966467
-48.0234870039289,-49.3718062944056,-50.9852814385648,-52.6289365140074,-51.3634096138491,-52.8004887960569
-29.0533863158381,-32.7466371096129,-36.0137437995034,-39.7326463220384,-50.824912125721,-54.0475466810844
-33.8906398119038,-31.2542781118926,-39.8321596050956,-39.7215071823261,-56.7906916088195,-57.4624628416983
-23.2332454252655,-28.0927117243346,-32.296151811858,-36.5220931946367,-58.0436183208747,-58.4974765132835
-19.372707674862,-19.7728102105396,-32.9744496163862,-37.160810081166,-41.715958812428,-42.3285289779733
-17.8677024429737,-22.1830032771865,-24.0929177243043,-25.1987751054336,-36.0317257797711,-40.5484533471834
-2.85874764121711,-2.68050260254621,-37.6097228081453,-7.9189314902527,-5.14087433975564,-5.60577541978914
-14.3533368151838,-19.0908721538237,-41.3681097428297,-31.6508608675919,-29.8554231693645,-32.5411560101874
-30.9033681730951,-31.4735945880535,-40.3111194567126,-35.8348383952403,-53.2893940652909,-54.0475466810822
-19.7440389335856,-18.3405097892599,-29.7860149273832,-24.8006140043444,-25.4013328445306,-25.384010246901
-3.85274459450329,-2.34683751523285,-22.6298717901216,-7.54327183135959,-5.35422195449198,-5.60577541978895
-42.9384430303902,-42.9035372224623,-51.8849129178351,-51.7573574998023,-51.8822899144565,-52.8004887960568
-20.301269848125,-22.2813230666364,-27.0374098481601,-27.4665027891154,-27.7386103098868,-27.9012338222753
-17.5164310393996,-19.5692489149891,-30.2504028728505,-33.630887749757,-31.4058073345467,-34.6888824047881
-35.2597908479539,-37.243785542432,-44.4398956472927,-48.4318825175575,-54.6401414503395,-56.3768332822134
-9.48927197436534,-7.98895725395256,-19.5848825214709,-13.095007181035,-13.4592614834849,-13.4774535742278
-23.0568823688373,-23.2438626882462,-31.8279385345263,-25.9758298261047,-54.7181492491463,-55.2390701374108
-36.0154066381477,-41.378114705599,-42.3751469891551,-44.1875021439569,-61.7289791733863,-62.158423046321
-34.827896749518,-35.1999078335179,-40.875374508544,-45.9903473252157,-55.6328948182996,-55.2390701374064
-16.1424653271557,-21.8994032463657,-22.1916341737531,-24.8948920074693,-32.3389624663437,-36.7344994021585
-19.9707674547947,-20.2599538851527,-28.0119108220951,-25.2100484479296,-50.1033791457673,-50.1320135966473
-28.6050295687132,-27.7530724871658,-34.5204295751197,-29.5068247387773,-46.8032564436964,-47.2158772025166
-1.63955534564285,-0.783760053770015,-36.978480811818,-56.7283263319307,-1.00488232996106,-0.30842137467567
-27.5359382122327,-28.1766830911642,-31.0411412840293,-32.2445950864918,-31.3977307327736,-32.5411560101876
-7.60367622091985,-7.46019429429532,-26.8405554429192,-55.0958204728769,-8.9608646981468,-9.80406558698189
-19.5815746360365,-22.3925357907274,-28.2874829098026,-31.8735346714172,-29.2486942965238,-32.5411560101869
-13.1247533771324,-12.9760373766858,-47.5785385892836,-47.554439673089,-15.0548953226936,-16.8018414642647
-49.7933280121621,-48.0716665033701,-52.9252970481476,-50.9221776592695,-59.4729467505859,-60.4211772266693
-1.54412538642958,-0.783323734696606,-0.937086240343444,-48.365506569578,-0.945196319417745,-0.308421374685091
-18.7814646674741,-13.7559897929625,-21.5296483550598,-19.3271757020218,-21.8788151177898,-19.8632342530535
-32.5804108329899,-31.5672363426864,-37.6919054938295,-36.5324421345796,-38.1280147945544,-36.8607303793839
-25.3435551626252,-24.0738888271287,-35.9143823017734,-35.9187835978698,-36.8573340023087,-36.7344994021585
-4.74973910753473,-4.58440914163983,-42.6250569011611,-9.50055718671486,-9.0550973469056,-9.80406558698181
-7.6524531163976,-9.46463309585807,-52.5365040953876,-13.2282022992432,-12.0184752109979,-13.4774535742278
-8.19348923332348,-12.5591281538615,-61.0115415421189,-55.7299336307768,-46.4951803745991,-47.2158772025159
-16.8353368895618,-18.3162345118314,-21.1825739136952,-22.3064593008701,-21.562721167774,-22.7126841553584
-14.9585155670806,-27.412473217992,-32.4281352644508,-28.6581399182244,-43.6152937943119,-47.2158772025159
-44.792806783718,-45.2649895278908,-49.16727858454,-50.7574481453002,-58.3163863192071,-59.483265108492
-16.1754939806989,-13.2627502059386,-23.2071998122097,-22.1827368106078,-23.8044410262222,-22.7126841553581
-34.9365901378639,-41.0297695152583,-41.3270227644741,-46.5776704370682,-54.3160695342387,-55.2390701374085
-30.9767386716482,-39.0861944848049,-50.7927739268661,-54.2667890412859,-53.6782718634536,-58.4974765132834
-54.3958214149075,-52.8301777377008,-59.0196875627421,-55.5457562581128,-63.5511441999943,-62.158423046322
-35.780799617379,-39.0363801361411,-44.3074411054674,-46.7030442440278,-44.9396299655442,-47.2158772025164
-31.2985567377861,-36.059774905641,-45.9359296732238,-38.556256898832,-47.4954906582807,-50.1320135966458
-50.1996008149337,-50.4611105197807,-56.0464073342584,-54.9327932319216,-60.3692148782712,-62.1584230463217
-33.5074648849146,-35.4600851206748,-41.546126008906,-41.2410126185368,-62.812237222196,-62.9600035076443
-5.38627099859354,-4.79328807662495,-44.6013046910933,-46.8380644069867,-8.92889120240519,-9.80406558698183
-43.4589319375209,-48.4419602066151,-54.6157926183842,-51.1360990547158,-64.2001314175845,-65.1104985685928
-45.1589964055362,-47.3410358064869,-52.7179792584377,-53.6734809580172,-53.1505989282091,-54.0475466810887
-23.1937078167513,-31.945541010802,-36.8145237538682,-41.9518718147283,-44.7356491458528,-50.1320135966462
-20.1142090294726,-23.3765971660679,-26.8154180510418,-33.7550444255069,-30.9142313695747,-34.6888824047884
-14.6182310797093,-17.6043112414149,-41.526456150731,-33.4826138169601,-33.3698525702429,-34.6888824047893
-14.4844604256478,-16.7424227050407,-19.9294385925451,-37.6685964133359,-20.3339685506072,-22.7126841553581
-26.3962353195197,-24.9090907749083,-30.8792323701101,-27.3306215394348,-44.097689194984,-44.0304684090602
-1.60067046062475,-0.781846497333858,-46.8711222600592,-48.8596667291956,-0.989771639785865,-0.30842137467363
-33.77799320932,-33.3918343396017,-39.2252975086543,-38.2987153217439,-39.8764806264565,-38.6855749592006
-16.4575301945135,-19.5373467030894,-35.1455456541257,-33.4289490455762,-36.2766345591403,-36.7344994021582
-36.5620911278213,-36.4303399334054,-57.9252384452453,-46.5800439682911,-45.9538212986224,-47.2158772025169
-63.3485057605529,-61.6469689164591,-66.9958966329347,-63.51447964716,-67.3509954638996,-66.3429312650328
-27.2018890534862,-31.1427179828555,-44.1872044872474,-48.682662943558,-53.6319036629853,-54.0475466810877
-18.8327455932357,-21.2131881922203,-57.8420101166201,-57.4988064053855,-22.6691210395016,-25.3840102469002
-1.58762931563345,-0.780945865870294,-47.0011401044145,-48.2581652593724,-0.954750771909292,-0.308421374671935
-1.64057517860581,-0.783066322215796,-1.00412728575709,-5.22985838107305,-1.0130279365558,-0.308421374681512
-12.1212206424198,-16.9042534731923,-28.0500439790345,-20.8467827853631,-54.6355476272749,-55.2390701374078
-23.3869234084277,-27.3729523851775,-30.0005847838008,-33.8474487922045,-52.5171137932047,-52.8004887960567
-20.7683138936125,-22.0576505437374,-24.7310291079393,-27.3152196523209,-25.1546259678493,-27.9012338222743
-3.41632760261135,-2.47332683623604,-37.7825335848653,-48.1774364426208,-8.8344791392428,-9.80406558698195
-32.2681472456235,-36.0973420810037,-38.7479856806734,-44.0206221883446,-50.9547576879942,-52.8004887960566
-15.8245180687881,-14.5958476637334,-24.3563939226292,-24.7512213680364,-24.9977505835016,-25.3840102468993
-8.82206824509502,-13.200188667926,-33.758829815764,-53.459142427141,-22.9798167282272,-25.3840102469004
-46.1553095555118,-47.9531294905905,-49.9472698223908,-52.9322660766125,-56.4358661904462,-56.3768332822134
-39.6759887012872,-44.2688876821676,-45.1568994540605,-50.1546853222293,-54.5544199069615,-56.376833282206
-63.1616935767524,-62.8475594993753,-64.8787369388881,-64.1354773986004,-66.9457201916575,-66.3429312650333
-23.5001425743322,-25.7679686959099,-36.2005993342463,-41.0809579950986,-44.1616332899738,-47.2158772025166
-45.5028751119479,-48.1964424226183,-49.2809480977375,-50.7964203782531,-57.9129289942506,-59.4832651084984
-19.4767981350075,-23.9033827408519,-26.0393138411712,-29.7289045038362,-26.7491046670066,-30.2823119505611
