"546e3778fdf99b2bc7ebcff6",1
"55132578fdf99b1b0568bdb8",2
"558f1e78fdf99b6ebd362162",3
"559c3ad8fdf99b32b55f2d32",4
"559e82dffdf99b7a9a124180",5
"55a43687fdf99b7da1908e0f",6
"55a44167fdf99b12b371c88c",7
"55b67c31fdf99b26b999cc1e",8
"55b6e53bfdf99b438f10e3bb",9
"55b8d0bffdf99b0f2859fe73",10
"55bd8669fdf99b5bfc7d4cfc",11
"55ca03e1fdf99b2735fc1dde",12
"55d7844969dbc30012b67f69",13
"55eb04337480920010aa9e0d",14
"56228c48ed6e5a0005c7fdd6",15
"565bdfcec121fe0012fc3897",16
"569916e4b0e16500050131b4",17
"56a3211edbe850000bfcedc6",18
"56e130548b1c33000a388671",19
"56e225c2ec0fdd000641e72d",20
"56ec151f388e1d000a5924d0",21
"56ec9fa4f9ffc4000ac1941b",22
"56efdf27bb24eb000b8244da",23
"56f745653bd969000d170c15",24
"5720a9f6fd3a5200113c1891",25
"57309ff730a556000fecdd4b",26
"57334d427d01ed00098e8e69",27
"574beef75e549100063c2ad0",28
"5765dffd7805730001ecfcd0",29
"57b60487e5b60d0001083aea",30
"582b1a7055b04d00015048d5",31
"58635484a73baa00010db537",32
"58ab2db50da7f10001de8e34",33
"58adfc6e7cf56d0001f931a2",34
"58d3dad59dbe3f0001258f66",35
"59349d79f1b3f00001964d04",36
"594a964c215cbd000146de75",37
"59c28b9cc458e800017b5b2b",38
"59dc458f77860e000151240e",39
"5a0af6457ecfc50001be11da",40
"5a4ff86beedc32000141f232",41
"5a5a507d76d1c60001ab2ac7",42
"5a650be763394a00015568f8",43
"5a78e410ae9a0b0001a97274",44
"5a8b1ee2000dab00018cc7cd",45
"5aa61dd36475f90001a05dcf",46
"5aaeb037811b2000016f7e9f",47
"5ac4c730f69e940001d977e1",48
"5af771a557516b0001412368",49
"5b33a01fa8327d0001003821",50
"5b5c3b266b25590001778ea1",51
"5b6f055e7af624000109599f",52
"5b7ca6161e35f0000172fa14",53
"5b97f70161c19e00018db4a8",54
"5ba596467c0ebe0001269842",55
"5ba78b71d60daf0001532d5b",56
"5bcbdf5b0f10750001d7a494",57
"5bd7971b0aac450001f951aa",58
"5bdc96a7ba6cc10001854ac8",59
"5be781ca3b047e0001a39e47",60
"5bea20805b7ff700013c88f3",61
"5beccd423b6489000156596f",62
"5bef41fa54277d000114d6ad",63
"5bef4d6b6c054d0001f65e73",64
"5bf116a61e78580001dc4842",65
"5bf4afe0b8e9f800014c9c0b",66
"5bf8f34abdd6400001bd5e66",67
"5c008a00bab6730001649924",68
"5c12f106c4b80e000192c472",69
"5c1bf2d025bab90001f233fd",70
"5c2e2fa00b8ad80001aebf07",71
"5c36e40e299f82000103ce0a",72
"5c3a518e0b5bb30001033afd",73
"5c3c7913b4f22c0001a0809c",74
"5c43517c8fefb60001c447fe",75
"5c5198da659655000168955d",76
"5c573f18d3cc6b0001d9dbc3",77
"5c5f8a910edbd90001e1feda",78
"5c747b0f181ad300113363ed",79
"5c926d2a0ae1ea00156f71a0",80
"5c9b1b5c441b4700179b17b2",81
"5ca25f7048f78e0018fdac10",82
"5ca3ccae7958d0001689df68",83
"5ca6c71383762200151a4a20",84
"5caa20ac62c2a80015ca3f54",85
"5cabc2ee9c7620001214f395",86
"5cb67a7ab73e8a001507fae5",87
"5cb882d33f0af9000159e00f",88
"5ce83f6ffdd26c00193b9611",89
"5ce9c6df6b2b3d001a94b24f",90
"5cfec17adc24bc00016efa53",91
"5d0a1045b318b6001742ea0a",92
"5d0c3381da7493001ab3a903",93
"5d0e2c03c04e1e001a54089f",94
"5d100e740277ff00152f7562",95
"5d20189bb34728001a230962",96
"5d360ba82fd5a40001e596fd",97
"5d3a429a7886f10001b21cc4",98
"5d4a41890e604c00011ade8b",99
"5d4b1c73cfe6e90017ad8990",100
"5d4fc7b44ec90b0017218453",101
"5d53bffa147a7d00015aae5a",102
"5d5497857aff650001a18c3c",103
"5d5b0dd7c032a2001ad7cf5d",104
"5d612ae16512d700159face7",105
"5d7ff85ffec5620017b07c40",106
"5d810f6e58a1e20001287382",107
"5d82be0cf45ead000150f026",108
"5d82d28977546f00166ae702",109
"5d8aa95dd06260000179442b",110
"5da88a6037d42100144928bd",111
"5dae498cc624b50010c7ff91",112
"5db37bb9da032c000f9e04fa",113
"5db4ef4a2986a3000be1f886",114
"5dbaded2af6b8e0e8c3632ed",115
"5dcb685070d51c8275d7bd54",116
"5dcea7314d51e4107516c80d",117
"5dcf4136cf8e7e086ea019e4",118
"5dd039e4b48da3131b0ece0e",119
"5dd3cfb7b103ee3b428185b2",120
"5dd4074feab0423daf012f92",121
"5dd85584e2dcbd80078ad6a3",122
"5de33ff0cc246f3633dc01d2",123
"5de5dba9ff87c15699804260",124
"5de7abf5335b25000e9c5390",125
"5de7d12c26dd95000b6824c5",126
"5de82c263aa2777a36b996b2",127
"5e0e1b8800a6bf000a694f79",128
"5e14d563c4e155ae93907ae1",129
"5e1efdb3a8c111230db526ff",130
"5e24fbd4e1f467771c234e5f",131
"5e32164a9b1c9a20330aebab",132
"5e363914b3f2835e3ae5cc62",133
"5e3af922a4907231695c413e",134
"5e3b0c1e96942c0564ce3018",135
"5e3c1fbece3a7b000a6fd95a",136
"5e3dd36d19be0d040a17f13f",137
"5e3f21fbfac6271851b422d9",138
"5e4d1a18a89adc000d588aba",139
"5e5a6cb9bfb67b2554c37a0e",140
"5e5ae01d75f13d2efe7db45e",141
"5e6685e1ffed4c405a4db5d0",142
"5e74e1df5ae15103a51a1ee8",143
"5e76c87c0fd39b22d52eba04",144
"5e850b0e390e520ec806b084",145
"5e8b89d0afcb1606e761ef7f",146
"5e9f70a9eec34b1108c84413",147
"5ea0f8b65669f80008176bec",148
"5ea47bda5b1a9807ed89eb76",149
"5ea7b13e8ac6491a2050e619",150
"5ea8154dcfd4dd20473ed88e",151
"5ea9e78822bb3115676e8296",152
"5eaa5d8b040c211e56dc98c0",153
"5eab120dde58220b71cf6599",154
"5eb5f6d5e38e9f4e6c8dde3f",155
"5eb7c006b839846ea7a24178",156
"5ebc74759921f30c68adcc7a",157
"5ec00f62cf12be40ea6fe344",158
"5ec1e14dcf12be62c5473dad",159
"5ec47b2d91b37736ce88f3d6",160
"5ec54eefe89daa4ce7b3a4ef",161
"5ec5a64c306f255ec98d5cc1",162
"5ec62902bb44c16b842128f9",163
"5ee232f2b970662cfa352567",164
"5ee40b570bc82d0f72dc6556",165
"5eeba783164680119f2e30c7",166
"5eec8774ff59de0009913a65",167
"5eecf2ddea47e10da39e6171",168
"5ef9338e3fa1390009d94b76",169
"5f0335c4aaa45a213134c666",170
"5f0a1a071bd6332cf8eb0ebd",171
"5f0b72abf1f9950dce8c0f1e",172
"5f1bd40c26afde3f626ad42f",173
"5f2042752276432e3a7ef104",174
"5f2150b3319efd2d619a356b",175
"5f244e0d0d7f44018faa3938",176
"5f2afd90fcefd547f0ee556f",177
"5f2f03deec679e2cf4a992e6",178
"5f3e5e066dfaa70464615447",179
"5f3f5ad05ec7d1257993b196",180
"5f42167916548e3e557a1e6a",181
"5f430d7837655454911d1d12",182
"5f44c445cfb0a801244f652f",183
"5f565c9592080106c6b4d467",184
"5f79bca83a2eb65c0983816d",185
"5f7a0bc4853bd46503a27113",186
"5f8461c7c4a37809c686303d",187
"5f9057735c69b00e72665f84",188
"5f97d19f018e77000cc67d21",189
"5f985596be2ea910b23827ed",190
"5f9b6cc0e01ad13902b38f60",191
"5fb327660f80c1a4d39fada2",192
"5fb5b40a8b30401623408375",193
"5fb701a86c3b2e1da0b3235a",194
"5fc6904e5ed32c0778ae12a1",195
"5fc6e3a0040c3f0e7cb45c8a",196
"5fcaa3f3d991a9748f8b9e1c",197
"5fe218efbf7c82d3e44ada5d",198
"5ff1fd761d6cb468718cdbeb",199
"600628028f2211980fd1632c",200
"60079f45348bb62bdcd363ff",201
"600c167e28de48080e812884",202
"60130d613d3ca613b04d39bb",203
"601c439a4bb8ca71ae32e269",204
"602c5fd808e6c3528a8ba43b",205
"60305f6a151d50ed8989f097",206
"6033fd8bc8659800086d87b0",207
"603e97154847faf7531b40b6",208
"6042794fe3c49714bee3e9cf",209
"6045e5cdb5547f7347302e2b",210
"60463896f9a82809f6eda231",211
"60469ae0450a7a0d20d26ee8",212
"604ae23075cb7165f9730564",213
"6063737f1039adcbf6428ac2",214
"606e4eb2a56685e5593304cd",215
"60734853295f4a6404bbf27f",216
"60737b97d01c3800e734921d",217
"6081adb85a8992a84093ed21",218
"60838965f1c0088b421d55bc",219
"60859f820e5009a67adb3921",220
"6086d528a18b6ba74ce0cd10",221
"6089714497c6a46ebdf12234",222
"608bfa04767191aa4d57bfd8",223
"6090578fb2299eacaec32b7a",224
"6094a41f36a19091aa12d460",225
"60960a29d02b9ada38f583b5",226
"609a5974625e18ab158c9a3e",227
"609ec5e8e5a3da020adefde8",228
"60a2b9a6ad671cebb06f2b0d",229
"60a2dd0e1d378ad4d982dae3",230
"60abdc82ec2d1e548b986424",231
"60bd4bfc88b646e72d772977",232
"60bebdec81297725b80fd773",233
"60c12fe6ca8c4aa6d0185190",234
"60c76fb5887b0728245b0695",235
"60ca4cfb5c287146cad0695a",236
"60ccd6609de76fdbe08a73ca",237
"60d4ecd22def4bbd52671db2",238
"60d78725c5affa589b76bb8c",239
"60de09f7dc5304e0c0f19485",240
"60e9e8092cfc1f464753dd71",241
"60eb1a7c95641da67ae7d611",242
"60f09796c2a24694ff43f6b7",243
"60f6e30863cdeb849cbeb338",244
"60f728553a37102574b585c4",245
"60fcbd2c3c4060cb6d444b7e",246
"60fcd9699c3def3068403b90",247
"60fce68245a71b6cf578c52d",248
"60fd6a2e013bff4b729c6dec",249
"60fdb83606ba18b3b54215fa",250
"60fddc61782d31b27035c833",251
"60fde74940100db428b34a06",252
"60fe11079929d4e3d9f31249",253
"60fe2c231a050242c1adda24",254
"60fe7748a8ef9311de5f2fcd",255
"610036375afd3ab1afe073e7",256
"61005a9bfd2f14f18ef7ec7d",257
"6100904f5ea462cf2de87dfe",258
"61011a06677b90bb175be6ef",259
"6101cad0b59a684dcf97be1c",260
"61041a3b4159985f5294a436",261
"61071715ef66759482346ce4",262
"610735660c7ea715d047205b",263
"6108295fdd0270d7544b5a8a",264
"610865cdf66565d530d618c5",265
"61089c9ebdb09f33229fe5e0",266
"610a40ffbf11d261514a7c0a",267
"610c445ed383a60d9d98cc0d",268
"610ca82a73e558dda4e38339",269
"610ef9a5cdec3fa83ceaf938",270
"61109a2a9fe8f8484647ed14",271
"611131e47725f6a04c723651",272
"611179cc55e34530e785b38b",273
"61119018babf810c0cab7d3b",274
"6111a351d738d1eaa44eecd7",275
"611b09935cd6e67f2b5e9ea2",276
"611e687b8028e22946b055e7",277
"611eeb35a6288fcbe35bd45c",278
"61222038c2048b50449284a1",279
"61239a2dfade59a247586dcf",280
"612517df29cd32c6632b4a44",281
"61251fec7300233c5d9c5f3a",282
"6126ecc3ebef11936ed8bfcb",283
"612bfa26437162073ed2077b",284
"612e7ef85edba8d26ef96c99",285
"6138de7da0cd911868bd8d03",286
"613a43648c97902f85b31182",287
"6143af8721d1445864c4f6c8",288
"6147970dcfd3a1be94292adb",289
"614e35b2138b395a5410d87a",290
"614ead1e38ca4b390b860c23",291
"614eb0a92921d8c1e64f4873",292
"614fb0e5a57edac09cfeaf1f",293
"615200800c7a074171c4968d",294
"6152095d0b65b445c020dab6",295
"615252fe3ac6a44f68bdc779",296
"6155b9c45f96867d9d9631fd",297
"61560db6a537f0c454b23db0",298
"615b39c56d4a42f215089b8a",299
"615d4ad2a973000eb503abe1",300
"615dd0b0a024ba4f4b4f7c24",301
"61676f87dba8a19bc29edf39",302
"61692abb0f3acf7a49d91533",303
"616c7777b6a2486957bafbf0",304
"616cda4e2f5f884cdd46b2eb",305
"616f315b5e74ca5b9a1d2ca7",306
"617078fb6641a57cb762a401",307
"61bb389740db417c1a138cad",308
"622ab357bb3af819f2e5df3b",309
"622bb5795e1ef00b5fc8908a@email.prolific.co",310
"622f7f35376a1f92763ddbe2",311
"6234a71d1b478a615e51ab69",312
"6234afc11b0f28d2f618991c",313
"6234f3b76898c3f34402935c",314
"6237e3dd84d00736f51ed0e4",315
"6266a561df47547b5757a9fb",316
"6266a87a7adacd7a91cabc93",317
"6266d82c92b298e8f8878969",318
"627285b7983e117a047013dc",319
"62728c148af5805feea46dc8",320
"62728f0c68b9ecf571a2dbd4",321
"6272f2124c61474d78e12c09",322
"62732f7ea28589a21f63b1ee",323
"6273c881f5e7715c853686d6",324
"6274275522cd2c183be830b0",325
"627448a7458cf55c0cdea3bb",326
"6276d97e209059496d37bf74",327
"6278109181f51e9924d09793",328
"627935c4e5d7e70b502e206e",329
"627a949111093bf6cf062f93",330
"627e71af3701230cdc757652",331
"628277d1d5efc2ba7e3f96ed",332
"6282abf0be2e9e2a65af807e",333
"6282ad0acc1c40865dfd371d",334
"62865cb9d41a9e2aaf141c84",335
"6286f7e85258b1fba2cd6f0d",336
"6287a504c4cb277cf781b6bb",337
"62885c14d00376d11632a442",338
"62896d97416a828a2c88b2ff",339
"628b960bf8e22707d11f5b8e",340
"628eabb243fb4a73e29d9385",341
"628f700669d5f6e4e33c8d8e",342
"628f9ef985fa6d3dc816672c",343
"628fa75dcf7f7273127b4614",344
"629145c67fcfae026d948019",345
"62914a626c466a73029168fc",346
"6291861f8937c6bd60637cf8",347
"6292190a2d18d614e6e539d1",348
"6292289391b6a2c1033653c8",349
"6293930a73a8649bd00fc052",350
"6294c9a9c673efce2f6528dc",351
"62951acd624dba0f4429d988",352
"6296cc20de63a753209d7d02",353
"629e3531a1dde5d808a5732b",354
"62a720d11331233ff4d813d5",355
"62a7239ee7d6a74899d62864",356
"62a730c4e54a69dfc0710155",357
"62a76dfc808c176cecd72dfa",358
"62a77211461a1cdbf07b6dd8",359
"62a7c4d5266dfb89bf94fec8",360
"62aa28c1027ae7d68ef3571c",361
"62ad36148aac62c34166d637",362
"62b0985e7019ab81329bf57e",363
"62b0a6e4e4fe956dd6c496f7",364
"62b0e8841b9e4f974007ca98",365
"62b146e365eca239ef0dbbfb",366
"62b20c0065e9809e66d13fa5",367
"62b3585ffae102260dcf3ef3",368
"62b35a7d9d9cd966ebcf3ef8",369
"62b4ca634423244629948580",370
"62b5d9103e9ce3223aa39e76",371
"62b5da77688feb883eba275d",372
"62b601e089d3d1134aed066b",373
